Workbook

Sheet ERROR FINAL
E1: FORMATO | AP1: Código: F05-GA-PR-01 | AY1: Q3/Q1 | AZ1: 100 | BA1: 125 | BB1: 160 | BC1: 200 | BD1: 400 | BE1: 500
E2: INGRESO DE DATOS DE LA VERIFICACIÓN INICIAL DE MEDIDORES EN LA COMPUTADORA | AP2: Versión: 09 | AY2: Q3 (m3/h): | AZ2: 1.6 | BA2: 2.5 | BB2: 4 | BC2: 6.3
AP3: Fecha de Vigencia: 2025-12-15
A4: Q3 (m3/h): | E4: 2.5 | J4: Alcance Q3/Q1: | O4: 160 | S4: MAXIMO ERROR PERMISIBLE (EMP): | AF4: Q3 | AH4: Q2 | AK4: Q1 | AN4: Revisado por: | AP4: Luisa Valdivia | AR4: Fecha:
A5: Presión Estática 0=Cumple (Sin fugas y sin daños físicos); 1 = Daño Físico; 2 = Fuga (-) ; 3 = Picado; 4 = Desfasado; 5 = Paralizado | AF5: (±) 2% | AH5: (±) 2% | AK5: (±) 5% | AN5: Aprobado por: | AP5: Luisa Valdivia | AR5: Fecha:
A6: Item | B6: Fecha de Ensayo presion estatica | C6: Fecha de Ensayo errores de indicacion | D6: N° de banco de ensayo | E6: 1' Técnico | F6: Nro de ceritificado | G6: # Medidor | H6: Presión Estática | J6: =+E4*1000 -> 2500 | V6: =AH6*1.6 -> 25 | AH6: =J6/O4 -> 15.625 | AT6: Estado
J7: Q3 | V7: Q2 | AH7: Q1 | AY7: RANGOS ACEPTABLES DE CAUDAL
H8: Presión (bar) | I8: Estado | J8: Temperatura | K8: Presión Entrada | L8: Presión Salida | M8: L.I. | N8: L.F. | O8: Vol. P | P8: Tiempo | T8: Q3 | U8: E % | V8: Temperatura | W8: Presión Entrada | X8: Presión Salida | Y8: L.I. | Z8: L.F. | AA8: Vol. P | AB8: Tiempo | AF8: Q2 | AG8: E % | AH8: Temperatura | AI8: Presión Entrada | AJ8: Presión Salida | AK8: L.I. | AL8: L.F. | AM8: Vol. P | AN8: Tiempo | AR8: Q1 | AS8: E % | AX8: Caudal | AY8: Q1 | AZ8: Q2 | BA8: Q3 | BB8: Ley Signos y Errores
A9: 1 | Q9: =LEFT(P9,1) | R9: =RIGHT(P9,6) | S9: =+(Q9*60+R9)/(60*60) -> #VALUE! | T9: =+O9/S9 -> #VALUE! | U9: =+(((N9-M9-O9)/O9)*100) -> #DIV/0! | AC9: =LEFT(AB9,2) | AD9: =RIGHT(AB9,6) | AE9: =+(AC9*60+AD9)/(60*60) -> #VALUE! | AF9: =+AA9/AE9 -> #VALUE! | AG9: =+(((Z9-Y9-AA9)/AA9)*100) -> #DIV/0! | AO9: =LEFT(AN9,2) | AP9: =RIGHT(AN9,6) | AQ9: =+(AO9*60+AP9)/(60*60) -> #VALUE! | AR9: =+AM9/AQ9 -> #VALUE! | AS9: =+(((AL9-AK9-AM9)/AM9)*100) -> #DIV/0! | AT9: =IF(I9>=1,"NO CONFORME",IF(BK9="SIGDIFERENTES",BC9,BL9)) -> #DIV/0! | AU9: =B9<=C9 -> TRUE | AV9: =N9<Y9 -> FALSE | AW9: =Z9<=AK9 -> TRUE | AX9: =IF(I9>=1,"Qcorrecto",IF(AND(AY9="aceptable",AZ9="aceptable",BA9="aceptable"),"Qcorrecto","Qincorrecto")) -> #VALUE! | AY9: =IF(AR9<$AH$6,"error",IF(AR9>$AH$6*1.1,"error","aceptable")) -> #VALUE! | AZ9: =IF(AF9<$V$6,"error",IF(AF9>$V$6*1.1,"error","aceptable")) -> #VALUE! | BA9: =IF(T9<$J$6*0.9,"error",IF(T9>$J$6,"error","aceptable")) -> #VALUE! | BB9: =(IF(ABS(U9)<1.05,"CONFORME",IF(ABS(AG9)<1.05,"CONFORME",IF(ABS(AS9)<2.55,"CONFORME","NO CONFORME")))) -> #DIV/0! | BC9: =(IF(ABS(U9)>2.05,"NO CONFORME",IF(ABS(AG9)>2.05,"NO CONFORME",IF(ABS(AS9)>5.05,"NO CONFORME","CONFORME")))) -> #DIV/0! | BD9: =SIGN(U9) -> #DIV/0! | BE9: =SIGN(AG9) -> #DIV/0! | BF9: =SIGN(AS9) -> #DIV/0! | BG9: =CONCATENATE(BD9,BE9,BF9) -> #DIV/0! | BH9: =IF(BG9="111","SI","SD") -> #DIV/0! | BI9: =IF(BG9="-1-1-1","SI","SD") -> #DIV/0! | BJ9: =OR(BH9="SI",BI9="SI") -> #DIV/0! | BK9: =IF(BJ9=FALSE,"SIGDIFERENTES","SIGIGUALES") -> #DIV/0! | BL9: =IF(BC9="NO CONFORME","NO CONFORME",IF(BB9="CONFORME","CONFORME","NO CONFORME")) -> #DIV/0!

Sheet Hoja1
B2: LO VERIFICADO | C2: VIMA
D4: =B4=C4 -> TRUE | F4: =TEXT(E4,"000000")&"-2024" -> 000000-2024 | H4: =F4=G4 -> FALSE
D5: =B5=C5 -> TRUE | F5: =TEXT(E5,"000000")&"-2024" -> 000000-2024 | H5: =F5=G5 -> FALSE
D6: =B6=C6 -> TRUE | F6: =TEXT(E6,"000000")&"-2024" -> 000000-2024 | H6: =F6=G6 -> FALSE
D7: =B7=C7 -> TRUE | F7: =TEXT(E7,"000000")&"-2024" -> 000000-2024 | H7: =F7=G7 -> FALSE
D8: =B8=C8 -> TRUE | F8: =TEXT(E8,"000000")&"-2024" -> 000000-2024 | H8: =F8=G8 -> FALSE
D9: =B9=C9 -> TRUE | F9: =TEXT(E9,"000000")&"-2024" -> 000000-2024 | H9: =F9=G9 -> FALSE
D10: =B10=C10 -> TRUE | F10: =TEXT(E10,"000000")&"-2024" -> 000000-2024 | H10: =F10=G10 -> FALSE
D11: =B11=C11 -> TRUE | F11: =TEXT(E11,"000000")&"-2024" -> 000000-2024 | H11: =F11=G11 -> FALSE
D12: =B12=C12 -> TRUE | F12: =TEXT(E12,"000000")&"-2024" -> 000000-2024 | H12: =F12=G12 -> FALSE
D13: =B13=C13 -> TRUE | F13: =TEXT(E13,"000000")&"-2024" -> 000000-2024 | H13: =F13=G13 -> FALSE
D14: =B14=C14 -> TRUE | F14: =TEXT(E14,"000000")&"-2024" -> 000000-2024 | H14: =F14=G14 -> FALSE
D15: =B15=C15 -> TRUE | F15: =TEXT(E15,"000000")&"-2024" -> 000000-2024 | H15: =F15=G15 -> FALSE
... D723: =B723=C723 -> TRUE | F723: =TEXT(E723,"000000")&"-2024" -> 000000-2024 | H723: =F723=G723 -> FALSE

Sheet Hoja2 (2)
E1: 0 | F1: 0
A3: Item | B3: N° de banco de ensayo | C3: # Medidor | D3: Presión Estática (Estado) | E3: Q3 E % | F3: Q2 E % | G3: Q1 E % | H3: Estado | I3: Condición
A6: ='ERROR FINAL'!A9 -> 1 | B6: 6 | C6: ='ERROR FINAL'!G9 -> 0 | D6: ='ERROR FINAL'!I9 -> 0 | E6: ='ERROR FINAL'!U9 -> #DIV/0! | F6: ='ERROR FINAL'!AG9 -> #DIV/0! | G6: ='ERROR FINAL'!AS9 -> #DIV/0! | H6: =IF('ERROR FINAL'!AT9="CONFORME","CONFORME","NO CONFORME") -> #DIV/0! | I6: =IF(D6=0,"Medición",IF(D6=1,"Daño físico",IF(D6=2,"Fuga",IF(D6=3,"Picado",IF(D6=4,"Desfasado",IF(D6=5,"Paralizado","¿?")))))) -> Medición
A7: ='ERROR FINAL'!A10 -> 0 | B7: 7 | C7: ='ERROR FINAL'!G10 -> 0 | D7: ='ERROR FINAL'!I10 -> 0 | E7: ='ERROR FINAL'!U10 -> 0 | F7: ='ERROR FINAL'!AG10 -> 0 | G7: ='ERROR FINAL'!AS10 -> 0 | H7: =IF('ERROR FINAL'!AT10="CONFORME","CONFORME","NO CONFORME") -> NO CONFORME | I7: =IF(D7=0,"Medición",IF(D7=1,"Daño físico",IF(D7=2,"Fuga",IF(D7=3,"Picado",IF(D7=4,"Desfasado",IF(D7=5,"Paralizado","¿?")))))) -> Medición
A8: ='ERROR FINAL'!A11 -> 0 | B8: 8 | C8: ='ERROR FINAL'!G11 -> 0 | D8: ='ERROR FINAL'!I11 -> 0 | E8: ='ERROR FINAL'!U11 -> 0 | F8: ='ERROR FINAL'!AG11 -> 0 | G8: ='ERROR FINAL'!AS11 -> 0 | H8: =IF('ERROR FINAL'!AT11="CONFORME","CONFORME","NO CONFORME") -> NO CONFORME | I8: =IF(D8=0,"Medición",IF(D8=1,"Daño físico",IF(D8=2,"Fuga",IF(D8=3,"Picado",IF(D8=4,"Desfasado",IF(D8=5,"Paralizado","¿?")))))) -> Medición
A9: ='ERROR FINAL'!A12 -> 0 | B9: 9 | C9: ='ERROR FINAL'!G12 -> 0 | D9: ='ERROR FINAL'!I12 -> 0 | E9: ='ERROR FINAL'!U12 -> 0 | F9: ='ERROR FINAL'!AG12 -> 0 | G9: ='ERROR FINAL'!AS12 -> 0 | H9: =IF('ERROR FINAL'!AT12="CONFORME","CONFORME","NO CONFORME") -> NO CONFORME | I9: =IF(D9=0,"Medición",IF(D9=1,"Daño físico",IF(D9=2,"Fuga",IF(D9=3,"Picado",IF(D9=4,"Desfasado",IF(D9=5,"Paralizado","¿?")))))) -> Medición
A10: ='ERROR FINAL'!A13 -> 0 | B10: 10 | C10: ='ERROR FINAL'!G13 -> 0 | D10: ='ERROR FINAL'!I13 -> 0 | E10: ='ERROR FINAL'!U13 -> 0 | F10: ='ERROR FINAL'!AG13 -> 0 | G10: ='ERROR FINAL'!AS13 -> 0 | H10: =IF('ERROR FINAL'!AT13="CONFORME","CONFORME","NO CONFORME") -> NO CONFORME | I10: =IF(D10=0,"Medición",IF(D10=1,"Daño físico",IF(D10=2,"Fuga",IF(D10=3,"Picado",IF(D10=4,"Desfasado",IF(D10=5,"Paralizado","¿?")))))) -> Medición
A11: ='ERROR FINAL'!A14 -> 0 | B11: 11 | C11: ='ERROR FINAL'!G14 -> 0 | D11: ='ERROR FINAL'!I14 -> 0 | E11: ='ERROR FINAL'!U14 -> 0 | F11: ='ERROR FINAL'!AG14 -> 0 | G11: ='ERROR FINAL'!AS14 -> 0 | H11: =IF('ERROR FINAL'!AT14="CONFORME","CONFORME","NO CONFORME") -> NO CONFORME | I11: =IF(D11=0,"Medición",IF(D11=1,"Daño físico",IF(D11=2,"Fuga",IF(D11=3,"Picado",IF(D11=4,"Desfasado",IF(D11=5,"Paralizado","¿?")))))) -> Medición
A12: ='ERROR FINAL'!A15 -> 0 | B12: 12 | C12: ='ERROR FINAL'!G15 -> 0 | D12: ='ERROR FINAL'!I15 -> 0 | E12: ='ERROR FINAL'!U15 -> 0 | F12: ='ERROR FINAL'!AG15 -> 0 | G12: ='ERROR FINAL'!AS15 -> 0 | H12: =IF('ERROR FINAL'!AT15="CONFORME","CONFORME","NO CONFORME") -> NO CONFORME | I12: =IF(D12=0,"Medición",IF(D12=1,"Daño físico",IF(D12=2,"Fuga",IF(D12=3,"Picado",IF(D12=4,"Desfasado",IF(D12=5,"Paralizado","¿?")))))) -> Medición
A13: ='ERROR FINAL'!A16 -> 0 | B13: 13 | C13: ='ERROR FINAL'!G16 -> 0 | D13: ='ERROR FINAL'!I16 -> 0 | E13: ='ERROR FINAL'!U16 -> 0 | F13: ='ERROR FINAL'!AG16 -> 0 | G13: ='ERROR FINAL'!AS16 -> 0 | H13: =IF('ERROR FINAL'!AT16="CONFORME","CONFORME","NO CONFORME") -> NO CONFORME | I13: =IF(D13=0,"Medición",IF(D13=1,"Daño físico",IF(D13=2,"Fuga",IF(D13=3,"Picado",IF(D13=4,"Desfasado",IF(D13=5,"Paralizado","¿?")))))) -> Medición
A14: ='ERROR FINAL'!A17 -> 0 | B14: 14 | C14: ='ERROR FINAL'!G17 -> 0 | D14: ='ERROR FINAL'!I17 -> 0 | E14: ='ERROR FINAL'!U17 -> 0 | F14: ='ERROR FINAL'!AG17 -> 0 | G14: ='ERROR FINAL'!AS17 -> 0 | H14: =IF('ERROR FINAL'!AT17="CONFORME","CONFORME","NO CONFORME") -> NO CONFORME | I14: =IF(D14=0,"Medición",IF(D14=1,"Daño físico",IF(D14=2,"Fuga",IF(D14=3,"Picado",IF(D14=4,"Desfasado",IF(D14=5,"Paralizado","¿?")))))) -> Medición
A15: ='ERROR FINAL'!A18 -> 0 | B15: 15 | C15: ='ERROR FINAL'!G18 -> 0 | D15: ='ERROR FINAL'!I18 -> 0 | E15: ='ERROR FINAL'!U18 -> 0 | F15: ='ERROR FINAL'!AG18 -> 0 | G15: ='ERROR FINAL'!AS18 -> 0 | H15: =IF('ERROR FINAL'!AT18="CONFORME","CONFORME","NO CONFORME") -> NO CONFORME | I15: =IF(D15=0,"Medición",IF(D15=1,"Daño físico",IF(D15=2,"Fuga",IF(D15=3,"Picado",IF(D15=4,"Desfasado",IF(D15=5,"Paralizado","¿?")))))) -> Medición
A16: ='ERROR FINAL'!A19 -> 0 | B16: 16 | C16: ='ERROR FINAL'!G19 -> 0 | D16: ='ERROR FINAL'!I19 -> 0 | E16: ='ERROR FINAL'!U19 -> 0 | F16: ='ERROR FINAL'!AG19 -> 0 | G16: ='ERROR FINAL'!AS19 -> 0 | H16: =IF('ERROR FINAL'!AT19="CONFORME","CONFORME","NO CONFORME") -> NO CONFORME | I16: =IF(D16=0,"Medición",IF(D16=1,"Daño físico",IF(D16=2,"Fuga",IF(D16=3,"Picado",IF(D16=4,"Desfasado",IF(D16=5,"Paralizado","¿?")))))) -> Medición
A17: ='ERROR FINAL'!A20 -> 0 | B17: 17 | C17: ='ERROR FINAL'!G20 -> 0 | D17: ='ERROR FINAL'!I20 -> 0 | E17: ='ERROR FINAL'!U20 -> 0 | F17: ='ERROR FINAL'!AG20 -> 0 | G17: ='ERROR FINAL'!AS20 -> 0 | H17: =IF('ERROR FINAL'!AT20="CONFORME","CONFORME","NO CONFORME") -> NO CONFORME | I17: =IF(D17=0,"Medición",IF(D17=1,"Daño físico",IF(D17=2,"Fuga",IF(D17=3,"Picado",IF(D17=4,"Desfasado",IF(D17=5,"Paralizado","¿?")))))) -> Medición
... A725: ='ERROR FINAL'!A728 -> 0 | B725: 725 | C725: ='ERROR FINAL'!G728 -> 0 | D725: ='ERROR FINAL'!I728 -> 0 | E725: ='ERROR FINAL'!U728 -> 0 | F725: ='ERROR FINAL'!AG728 -> 0 | G725: ='ERROR FINAL'!AS728 -> 0 | H725: =IF('ERROR FINAL'!AT728="CONFORME","CONFORME","NO CONFORME") -> NO CONFORME | I725: =IF(D725=0,"Medición",IF(D725=1,"Daño físico",IF(D725=2,"Fuga",IF(D725=3,"Picado",IF(D725=4,"Desfasado",IF(D725=5,"Paralizado","¿?")))))) -> Medición

Sheet Hoja2
E1: 0 | F1: 0
A3: Item | B3: N° de banco de ensayo | C3: # Medidor | D3: Presión Estática (Estado) | E3: Q3 E % | F3: Q2 E % | G3: Q1 E % | H3: Estado | I3: Condición
