Workbook

Sheet ERROR FINAL
E1: FORMATO | AP1: Código: F05-GA-PR-01 | AX1: Q3/Q1 | AY1: 100 | AZ1: 125 | BA1: 160 | BB1: 200 | BC1: 400 | BD1: 500
E2: INGRESO DE DATOS DE LA VERIFICACIÓN INICIAL DE MEDIDORES EN LA COMPUTADORA | AP2: Versión: 08 | AX2: Q3 (m3/h): | AY2: 1.6 | AZ2: 2.5 | BA2: 4 | BB2: 6.3
AP3: Fecha de Vigencia: 2024-05-14
A4: Q3 (m3/h): | E4: 2.5 | J4: Alcance Q3/Q1: | O4: 160 | S4: MAXIMO ERROR PERMISIBLE (EMP): | AA4: Q3 | AC4: Q2 | AF4: Q1 | AN4: Revisado por: | AP4: Luisa Valdivia | AR4: Fecha:
A5: Presión Estática 0=conforme; 1 = Daño Físico; 2 = Fuga (-) ; 3 = Picado; 4 = Desfasado; 5 = Paralizado | AA5: (±) 2% | AC5: (±) 2% | AF5: (±) 5% | AN5: Aprobado por: | AP5: John Oyola | AR5: Fecha:
A6: Item | B6: Fecha de Ensayo presion estatica | C6: Fecha de Ensayo errores de indicacion | D6: N° de banco de ensayo | E6: 1' Técnico | F6: Nro de ceritificado | G6: # Medidor | H6: Presión Estática | J6: =+E4*1000 -> 2500 | V6: =AH6*1.6 -> 25 | AH6: =J6/O4 -> 15.625 | AT6: Estado
J7: Q3 | V7: Q2 | AH7: Q1 | AY7: RANGOS ACEPTABLES DE CAUDAL
H8: Presión (bar) | I8: Estado | J8: Temperatura | K8: Presión Entrada | L8: Presión Salida | M8: L.I. | N8: L.F. | O8: Vol. P | P8: Tiempo | T8: Q3 | U8: E % | V8: Temperatura | W8: Presión Entrada | X8: Presión Salida | Y8: L.I. | Z8: L.F. | AA8: Vol. P | AB8: Tiempo | AF8: Q2 | AG8: E % | AH8: Temperatura | AI8: Presión Entrada | AJ8: Presión Salida | AK8: L.I. | AL8: L.F. | AM8: Vol. P | AN8: Tiempo | AR8: Q1 | AS8: E % | AX8: Caudal | AY8: Q1 | AZ8: Q2 | BA8: Q3 | BB8: Ley Signos y Errores
A9: 1 | B9: 45919 | C9: =B9 -> 45919 | D9: 6 | E9: 15 | G9: PA25517181 | H9: 25.6 | I9: 0 | J9: 20.9 | K9: 7.883 | L9: 0.554 | M9: 113.47 | N9: 213.25 | O9: 100.62 | P9: 2,29,560 | Q9: =LEFT(P9,1) -> 2 | R9: =RIGHT(P9,6) -> 29,560 | S9: =+(Q9*60+R9)/(60*60) -> 0.041544444 | T9: =+O9/S9 -> 2421.9845 | U9: =+(((N9-M9-O9)/O9)*100) -> -0.83482409 | V9: 20.4 | W9: 1.507 | X9: 1.504 | Y9: 224.8 | Z9: 234.72 | AA9: 10.015 | AB9: 22,10,090 | AC9: =LEFT(AB9,2) -> 22 | AD9: =RIGHT(AB9,6) -> 10,090 | AE9: =+(AC9*60+AD9)/(60*60) -> 0.36946944 | AF9: =+AA9/AE9 -> 27.106436 | AG9: =+(((Z9-Y9-AA9)/AA9)*100) -> -0.94857713 | AH9: 20.3 | AI9: 1.509 | AJ9: 1.504 | AK9: =Z9 -> 234.72 | AL9: 239.76 | AM9: 5.013 | AN9: 17,59,050 | AO9: =LEFT(AN9,2) -> 17 | AP9: =RIGHT(AN9,6) -> 59,050 | AQ9: =+(AO9*60+AP9)/(60*60) -> 0.29973611 | AR9: =+AM9/AQ9 -> 16.724712 | AS9: =+(((AL9-AK9-AM9)/AM9)*100) -> 0.53859964 | AT9: =IF(I9>=1,"NO CONFORME",IF(BK9="SIGDIFERENTES",BC9,BL9)) -> CONFORME | AU9: =B9=C9 -> TRUE | AV9: =N9<Y9 -> TRUE | AW9: =Z9<=AK9 -> TRUE | AX9: =IF(I9>=1,"Qcorrecto",IF(AND(AY9="aceptable",AZ9="aceptable",BA9="aceptable"),"Qcorrecto","Qincorrecto")) -> Qcorrecto | AY9: =IF(AR9<$AH$6,"error",IF(AR9>$AH$6*1.1,"error","aceptable")) -> aceptable | AZ9: =IF(AF9<$V$6,"error",IF(AF9>$V$6*1.1,"error","aceptable")) -> aceptable | BA9: =IF(T9<$J$6*0.9,"error",IF(T9>$J$6,"error","aceptable")) -> aceptable | BB9: =(IF(ABS(U9)<1.05,"CONFORME",IF(ABS(AG9)<1.05,"CONFORME",IF(ABS(AS9)<2.55,"CONFORME","NO CONFORME")))) -> CONFORME | BC9: =(IF(ABS(U9)>2.05,"NO CONFORME",IF(ABS(AG9)>2.05,"NO CONFORME",IF(ABS(AS9)>5.05,"NO CONFORME","CONFORME")))) -> CONFORME | BD9: =SIGN(U9) -> -1 | BE9: =SIGN(AG9) -> -1 | BF9: =SIGN(AS9) -> 1 | BG9: =CONCATENATE(BD9,BE9,BF9) -> -1-11 | BH9: =IF(BG9="111","SI","SD") -> SD | BI9: =IF(BG9="-1-1-1","SI","SD") -> SD | BJ9: =OR(BH9="SI",BI9="SI") -> FALSE | BK9: =IF(BJ9=FALSE,"SIGDIFERENTES","SIGIGUALES") -> SIGDIFERENTES | BL9: =IF(BC9="NO CONFORME","NO CONFORME",IF(BB9="CONFORME","CONFORME","NO CONFORME")) -> CONFORME
A10: 2 | B10: =B9 -> 45919 | C10: =C9 -> 45919 | D10: =D9 -> 6 | E10: =E9 -> 15 | H10: =H9 -> 25.6 | I10: =I9 -> 0 | J10: =J9 -> 20.9 | K10: =K9 -> 7.883 | L10: =L9 -> 0.554 | O10: =O9 -> 100.62 | P10: =P9 -> 2,29,560 | Q10: =LEFT(P10,1) -> 2 | R10: =RIGHT(P10,6) -> 29,560 | S10: =+(Q10*60+R10)/(60*60) -> 0.041544444 | T10: =+O10/S10 -> 2421.9845 | U10: =+(((N10-M10-O10)/O10)*100) -> -100 | V10: =V9 -> 20.4 | W10: =W9 -> 1.507 | X10: =X9 -> 1.504 | AA10: =AA9 -> 10.015 | AB10: =AB9 -> 22,10,090 | AC10: =LEFT(AB10,2) -> 22 | AD10: =RIGHT(AB10,6) -> 10,090 | AE10: =+(AC10*60+AD10)/(60*60) -> 0.36946944 | AF10: =+AA10/AE10 -> 27.106436 | AG10: =+(((Z10-Y10-AA10)/AA10)*100) -> -100 | AH10: =AH9 -> 20.3 | AI10: =AI9 -> 1.509 | AJ10: =AJ9 -> 1.504 | AK10: =Z10 -> 0 | AM10: =AM9 -> 5.013 | AN10: =AN9 -> 17,59,050 | AO10: =LEFT(AN10,2) -> 17 | AP10: =RIGHT(AN10,6) -> 59,050 | AQ10: =+(AO10*60+AP10)/(60*60) -> 0.29973611 | AR10: =+AM10/AQ10 -> 16.724712 | AS10: =+(((AL10-AK10-AM10)/AM10)*100) -> -100 | AT10: =IF(I10>=1,"NO CONFORME",IF(BK10="SIGDIFERENTES",BC10,BL10)) -> NO CONFORME | AU10: =B10=C10 -> TRUE | AV10: =N10<Y10 -> FALSE | AW10: =Z10<=AK10 -> TRUE | AX10: =IF(I10>=1,"Qcorrecto",IF(AND(AY10="aceptable",AZ10="aceptable",BA10="aceptable"),"Qcorrecto","Qincorrecto")) -> Qcorrecto | AY10: =IF(AR10<$AH$6,"error",IF(AR10>$AH$6*1.1,"error","aceptable")) -> aceptable | AZ10: =IF(AF10<$V$6,"error",IF(AF10>$V$6*1.1,"error","aceptable")) -> aceptable | BA10: =IF(T10<$J$6*0.9,"error",IF(T10>$J$6,"error","aceptable")) -> aceptable | BB10: =(IF(ABS(U10)<1.05,"CONFORME",IF(ABS(AG10)<1.05,"CONFORME",IF(ABS(AS10)<2.55,"CONFORME","NO CONFORME")))) -> NO CONFORME | BC10: =(IF(ABS(U10)>2.05,"NO CONFORME",IF(ABS(AG10)>2.05,"NO CONFORME",IF(ABS(AS10)>5.05,"NO CONFORME","CONFORME")))) -> NO CONFORME | BD10: =SIGN(U10) -> -1 | BE10: =SIGN(AG10) -> -1 | BF10: =SIGN(AS10) -> -1 | BG10: =CONCATENATE(BD10,BE10,BF10) -> -1-1-1 | BH10: =IF(BG10="111","SI","SD") -> SD | BI10: =IF(BG10="-1-1-1","SI","SD") -> SI | BJ10: =OR(BH10="SI",BI10="SI") -> TRUE | BK10: =IF(BJ10=FALSE,"SIGDIFERENTES","SIGIGUALES") -> SIGIGUALES | BL10: =IF(BC10="NO CONFORME","NO CONFORME",IF(BB10="CONFORME","CONFORME","NO CONFORME")) -> NO CONFORME
A11: 3 | B11: =B10 -> 45919 | C11: =C10 -> 45919 | D11: =D10 -> 6 | E11: =E10 -> 15 | H11: =H10 -> 25.6 | I11: =I10 -> 0 | J11: =J10 -> 20.9 | K11: =K10 -> 7.883 | L11: =L10 -> 0.554 | O11: =O10 -> 100.62 | P11: =P10 -> 2,29,560 | Q11: =LEFT(P11,1) -> 2 | R11: =RIGHT(P11,6) -> 29,560 | S11: =+(Q11*60+R11)/(60*60) -> 0.041544444 | T11: =+O11/S11 -> 2421.9845 | U11: =+(((N11-M11-O11)/O11)*100) -> -100 | V11: =V10 -> 20.4 | W11: =W10 -> 1.507 | X11: =X10 -> 1.504 | AA11: =AA10 -> 10.015 | AB11: =AB10 -> 22,10,090 | AC11: =LEFT(AB11,2) -> 22 | AD11: =RIGHT(AB11,6) -> 10,090 | AE11: =+(AC11*60+AD11)/(60*60) -> 0.36946944 | AF11: =+AA11/AE11 -> 27.106436 | AG11: =+(((Z11-Y11-AA11)/AA11)*100) -> -100 | AH11: =AH10 -> 20.3 | AI11: =AI10 -> 1.509 | AJ11: =AJ10 -> 1.504 | AK11: =Z11 -> 0 | AM11: =AM10 -> 5.013 | AN11: =AN10 -> 17,59,050 | AO11: =LEFT(AN11,2) -> 17 | AP11: =RIGHT(AN11,6) -> 59,050 | AQ11: =+(AO11*60+AP11)/(60*60) -> 0.29973611 | AR11: =+AM11/AQ11 -> 16.724712 | AS11: =+(((AL11-AK11-AM11)/AM11)*100) -> -100 | AT11: =IF(I11>=1,"NO CONFORME",IF(BK11="SIGDIFERENTES",BC11,BL11)) -> NO CONFORME | AU11: =B11=C11 -> TRUE | AV11: =N11<Y11 -> FALSE | AW11: =Z11<=AK11 -> TRUE | AX11: =IF(I11>=1,"Qcorrecto",IF(AND(AY11="aceptable",AZ11="aceptable",BA11="aceptable"),"Qcorrecto","Qincorrecto")) -> Qcorrecto | AY11: =IF(AR11<$AH$6,"error",IF(AR11>$AH$6*1.1,"error","aceptable")) -> aceptable | AZ11: =IF(AF11<$V$6,"error",IF(AF11>$V$6*1.1,"error","aceptable")) -> aceptable | BA11: =IF(T11<$J$6*0.9,"error",IF(T11>$J$6,"error","aceptable")) -> aceptable | BB11: =(IF(ABS(U11)<1.05,"CONFORME",IF(ABS(AG11)<1.05,"CONFORME",IF(ABS(AS11)<2.55,"CONFORME","NO CONFORME")))) -> NO CONFORME | BC11: =(IF(ABS(U11)>2.05,"NO CONFORME",IF(ABS(AG11)>2.05,"NO CONFORME",IF(ABS(AS11)>5.05,"NO CONFORME","CONFORME")))) -> NO CONFORME | BD11: =SIGN(U11) -> -1 | BE11: =SIGN(AG11) -> -1 | BF11: =SIGN(AS11) -> -1 | BG11: =CONCATENATE(BD11,BE11,BF11) -> -1-1-1 | BH11: =IF(BG11="111","SI","SD") -> SD | BI11: =IF(BG11="-1-1-1","SI","SD") -> SI | BJ11: =OR(BH11="SI",BI11="SI") -> TRUE | BK11: =IF(BJ11=FALSE,"SIGDIFERENTES","SIGIGUALES") -> SIGIGUALES | BL11: =IF(BC11="NO CONFORME","NO CONFORME",IF(BB11="CONFORME","CONFORME","NO CONFORME")) -> NO CONFORME
A12: 4 | B12: =B11 -> 45919 | C12: =C11 -> 45919 | D12: =D11 -> 6 | E12: =E11 -> 15 | H12: =H11 -> 25.6 | I12: =I11 -> 0 | J12: =J11 -> 20.9 | K12: =K11 -> 7.883 | L12: =L11 -> 0.554 | O12: =O11 -> 100.62 | P12: =P11 -> 2,29,560 | Q12: =LEFT(P12,1) -> 2 | R12: =RIGHT(P12,6) -> 29,560 | S12: =+(Q12*60+R12)/(60*60) -> 0.041544444 | T12: =+O12/S12 -> 2421.9845 | U12: =+(((N12-M12-O12)/O12)*100) -> -100 | V12: =V11 -> 20.4 | W12: =W11 -> 1.507 | X12: =X11 -> 1.504 | AA12: =AA11 -> 10.015 | AB12: =AB11 -> 22,10,090 | AC12: =LEFT(AB12,2) -> 22 | AD12: =RIGHT(AB12,6) -> 10,090 | AE12: =+(AC12*60+AD12)/(60*60) -> 0.36946944 | AF12: =+AA12/AE12 -> 27.106436 | AG12: =+(((Z12-Y12-AA12)/AA12)*100) -> -100 | AH12: =AH11 -> 20.3 | AI12: =AI11 -> 1.509 | AJ12: =AJ11 -> 1.504 | AK12: =Z12 -> 0 | AM12: =AM11 -> 5.013 | AN12: =AN11 -> 17,59,050 | AO12: =LEFT(AN12,2) -> 17 | AP12: =RIGHT(AN12,6) -> 59,050 | AQ12: =+(AO12*60+AP12)/(60*60) -> 0.29973611 | AR12: =+AM12/AQ12 -> 16.724712 | AS12: =+(((AL12-AK12-AM12)/AM12)*100) -> -100 | AT12: =IF(I12>=1,"NO CONFORME",IF(BK12="SIGDIFERENTES",BC12,BL12)) -> NO CONFORME | AU12: =B12=C12 -> TRUE | AV12: =N12<Y12 -> FALSE | AW12: =Z12<=AK12 -> TRUE | AX12: =IF(I12>=1,"Qcorrecto",IF(AND(AY12="aceptable",AZ12="aceptable",BA12="aceptable"),"Qcorrecto","Qincorrecto")) -> Qcorrecto | AY12: =IF(AR12<$AH$6,"error",IF(AR12>$AH$6*1.1,"error","aceptable")) -> aceptable | AZ12: =IF(AF12<$V$6,"error",IF(AF12>$V$6*1.1,"error","aceptable")) -> aceptable | BA12: =IF(T12<$J$6*0.9,"error",IF(T12>$J$6,"error","aceptable")) -> aceptable | BB12: =(IF(ABS(U12)<1.05,"CONFORME",IF(ABS(AG12)<1.05,"CONFORME",IF(ABS(AS12)<2.55,"CONFORME","NO CONFORME")))) -> NO CONFORME | BC12: =(IF(ABS(U12)>2.05,"NO CONFORME",IF(ABS(AG12)>2.05,"NO CONFORME",IF(ABS(AS12)>5.05,"NO CONFORME","CONFORME")))) -> NO CONFORME | BD12: =SIGN(U12) -> -1 | BE12: =SIGN(AG12) -> -1 | BF12: =SIGN(AS12) -> -1 | BG12: =CONCATENATE(BD12,BE12,BF12) -> -1-1-1 | BH12: =IF(BG12="111","SI","SD") -> SD | BI12: =IF(BG12="-1-1-1","SI","SD") -> SI | BJ12: =OR(BH12="SI",BI12="SI") -> TRUE | BK12: =IF(BJ12=FALSE,"SIGDIFERENTES","SIGIGUALES") -> SIGIGUALES | BL12: =IF(BC12="NO CONFORME","NO CONFORME",IF(BB12="CONFORME","CONFORME","NO CONFORME")) -> NO CONFORME
A13: 5 | B13: =B12 -> 45919 | C13: =C12 -> 45919 | D13: =D12 -> 6 | E13: =E12 -> 15 | H13: =H12 -> 25.6 | I13: =I12 -> 0 | J13: =J12 -> 20.9 | K13: =K12 -> 7.883 | L13: =L12 -> 0.554 | O13: =O12 -> 100.62 | P13: =P12 -> 2,29,560 | Q13: =LEFT(P13,1) -> 2 | R13: =RIGHT(P13,6) -> 29,560 | S13: =+(Q13*60+R13)/(60*60) -> 0.041544444 | T13: =+O13/S13 -> 2421.9845 | U13: =+(((N13-M13-O13)/O13)*100) -> -100 | V13: =V12 -> 20.4 | W13: =W12 -> 1.507 | X13: =X12 -> 1.504 | AA13: =AA12 -> 10.015 | AB13: =AB12 -> 22,10,090 | AC13: =LEFT(AB13,2) -> 22 | AD13: =RIGHT(AB13,6) -> 10,090 | AE13: =+(AC13*60+AD13)/(60*60) -> 0.36946944 | AF13: =+AA13/AE13 -> 27.106436 | AG13: =+(((Z13-Y13-AA13)/AA13)*100) -> -100 | AH13: =AH12 -> 20.3 | AI13: =AI12 -> 1.509 | AJ13: =AJ12 -> 1.504 | AK13: =Z13 -> 0 | AM13: =AM12 -> 5.013 | AN13: =AN12 -> 17,59,050 | AO13: =LEFT(AN13,2) -> 17 | AP13: =RIGHT(AN13,6) -> 59,050 | AQ13: =+(AO13*60+AP13)/(60*60) -> 0.29973611 | AR13: =+AM13/AQ13 -> 16.724712 | AS13: =+(((AL13-AK13-AM13)/AM13)*100) -> -100 | AT13: =IF(I13>=1,"NO CONFORME",IF(BK13="SIGDIFERENTES",BC13,BL13)) -> NO CONFORME | AU13: =B13=C13 -> TRUE | AV13: =N13<Y13 -> FALSE | AW13: =Z13<=AK13 -> TRUE | AX13: =IF(I13>=1,"Qcorrecto",IF(AND(AY13="aceptable",AZ13="aceptable",BA13="aceptable"),"Qcorrecto","Qincorrecto")) -> Qcorrecto | AY13: =IF(AR13<$AH$6,"error",IF(AR13>$AH$6*1.1,"error","aceptable")) -> aceptable | AZ13: =IF(AF13<$V$6,"error",IF(AF13>$V$6*1.1,"error","aceptable")) -> aceptable | BA13: =IF(T13<$J$6*0.9,"error",IF(T13>$J$6,"error","aceptable")) -> aceptable | BB13: =(IF(ABS(U13)<1.05,"CONFORME",IF(ABS(AG13)<1.05,"CONFORME",IF(ABS(AS13)<2.55,"CONFORME","NO CONFORME")))) -> NO CONFORME | BC13: =(IF(ABS(U13)>2.05,"NO CONFORME",IF(ABS(AG13)>2.05,"NO CONFORME",IF(ABS(AS13)>5.05,"NO CONFORME","CONFORME")))) -> NO CONFORME | BD13: =SIGN(U13) -> -1 | BE13: =SIGN(AG13) -> -1 | BF13: =SIGN(AS13) -> -1 | BG13: =CONCATENATE(BD13,BE13,BF13) -> -1-1-1 | BH13: =IF(BG13="111","SI","SD") -> SD | BI13: =IF(BG13="-1-1-1","SI","SD") -> SI | BJ13: =OR(BH13="SI",BI13="SI") -> TRUE | BK13: =IF(BJ13=FALSE,"SIGDIFERENTES","SIGIGUALES") -> SIGIGUALES | BL13: =IF(BC13="NO CONFORME","NO CONFORME",IF(BB13="CONFORME","CONFORME","NO CONFORME")) -> NO CONFORME
A14: 6 | B14: =B13 -> 45919 | C14: =C13 -> 45919 | D14: =D13 -> 6 | E14: =E13 -> 15 | H14: =H13 -> 25.6 | I14: =I13 -> 0 | J14: =J13 -> 20.9 | K14: =K13 -> 7.883 | L14: =L13 -> 0.554 | O14: =O13 -> 100.62 | P14: =P13 -> 2,29,560 | Q14: =LEFT(P14,1) -> 2 | R14: =RIGHT(P14,6) -> 29,560 | S14: =+(Q14*60+R14)/(60*60) -> 0.041544444 | T14: =+O14/S14 -> 2421.9845 | U14: =+(((N14-M14-O14)/O14)*100) -> -100 | V14: =V13 -> 20.4 | W14: =W13 -> 1.507 | X14: =X13 -> 1.504 | AA14: =AA13 -> 10.015 | AB14: =AB13 -> 22,10,090 | AC14: =LEFT(AB14,2) -> 22 | AD14: =RIGHT(AB14,6) -> 10,090 | AE14: =+(AC14*60+AD14)/(60*60) -> 0.36946944 | AF14: =+AA14/AE14 -> 27.106436 | AG14: =+(((Z14-Y14-AA14)/AA14)*100) -> -100 | AH14: =AH13 -> 20.3 | AI14: =AI13 -> 1.509 | AJ14: =AJ13 -> 1.504 | AK14: =Z14 -> 0 | AM14: =AM13 -> 5.013 | AN14: =AN13 -> 17,59,050 | AO14: =LEFT(AN14,2) -> 17 | AP14: =RIGHT(AN14,6) -> 59,050 | AQ14: =+(AO14*60+AP14)/(60*60) -> 0.29973611 | AR14: =+AM14/AQ14 -> 16.724712 | AS14: =+(((AL14-AK14-AM14)/AM14)*100) -> -100 | AT14: =IF(I14>=1,"NO CONFORME",IF(BK14="SIGDIFERENTES",BC14,BL14)) -> NO CONFORME | AU14: =B14=C14 -> TRUE | AV14: =N14<Y14 -> FALSE | AW14: =Z14<=AK14 -> TRUE | AX14: =IF(I14>=1,"Qcorrecto",IF(AND(AY14="aceptable",AZ14="aceptable",BA14="aceptable"),"Qcorrecto","Qincorrecto")) -> Qcorrecto | AY14: =IF(AR14<$AH$6,"error",IF(AR14>$AH$6*1.1,"error","aceptable")) -> aceptable | AZ14: =IF(AF14<$V$6,"error",IF(AF14>$V$6*1.1,"error","aceptable")) -> aceptable | BA14: =IF(T14<$J$6*0.9,"error",IF(T14>$J$6,"error","aceptable")) -> aceptable | BB14: =(IF(ABS(U14)<1.05,"CONFORME",IF(ABS(AG14)<1.05,"CONFORME",IF(ABS(AS14)<2.55,"CONFORME","NO CONFORME")))) -> NO CONFORME | BC14: =(IF(ABS(U14)>2.05,"NO CONFORME",IF(ABS(AG14)>2.05,"NO CONFORME",IF(ABS(AS14)>5.05,"NO CONFORME","CONFORME")))) -> NO CONFORME | BD14: =SIGN(U14) -> -1 | BE14: =SIGN(AG14) -> -1 | BF14: =SIGN(AS14) -> -1 | BG14: =CONCATENATE(BD14,BE14,BF14) -> -1-1-1 | BH14: =IF(BG14="111","SI","SD") -> SD | BI14: =IF(BG14="-1-1-1","SI","SD") -> SI | BJ14: =OR(BH14="SI",BI14="SI") -> TRUE | BK14: =IF(BJ14=FALSE,"SIGDIFERENTES","SIGIGUALES") -> SIGIGUALES | BL14: =IF(BC14="NO CONFORME","NO CONFORME",IF(BB14="CONFORME","CONFORME","NO CONFORME")) -> NO CONFORME
A15: 7 | B15: =B14 -> 45919 | C15: =C14 -> 45919 | D15: =D14 -> 6 | E15: =E14 -> 15 | H15: =H14 -> 25.6 | I15: =I14 -> 0 | J15: =J14 -> 20.9 | K15: =K14 -> 7.883 | L15: =L14 -> 0.554 | O15: =O14 -> 100.62 | P15: =P14 -> 2,29,560 | Q15: =LEFT(P15,1) -> 2 | R15: =RIGHT(P15,6) -> 29,560 | S15: =+(Q15*60+R15)/(60*60) -> 0.041544444 | T15: =+O15/S15 -> 2421.9845 | U15: =+(((N15-M15-O15)/O15)*100) -> -100 | V15: =V14 -> 20.4 | W15: =W14 -> 1.507 | X15: =X14 -> 1.504 | AA15: =AA14 -> 10.015 | AB15: =AB14 -> 22,10,090 | AC15: =LEFT(AB15,2) -> 22 | AD15: =RIGHT(AB15,6) -> 10,090 | AE15: =+(AC15*60+AD15)/(60*60) -> 0.36946944 | AF15: =+AA15/AE15 -> 27.106436 | AG15: =+(((Z15-Y15-AA15)/AA15)*100) -> -100 | AH15: =AH14 -> 20.3 | AI15: =AI14 -> 1.509 | AJ15: =AJ14 -> 1.504 | AK15: =Z15 -> 0 | AM15: =AM14 -> 5.013 | AN15: =AN14 -> 17,59,050 | AO15: =LEFT(AN15,2) -> 17 | AP15: =RIGHT(AN15,6) -> 59,050 | AQ15: =+(AO15*60+AP15)/(60*60) -> 0.29973611 | AR15: =+AM15/AQ15 -> 16.724712 | AS15: =+(((AL15-AK15-AM15)/AM15)*100) -> -100 | AT15: =IF(I15>=1,"NO CONFORME",IF(BK15="SIGDIFERENTES",BC15,BL15)) -> NO CONFORME | AU15: =B15=C15 -> TRUE | AV15: =N15<Y15 -> FALSE | AW15: =Z15<=AK15 -> TRUE | AX15: =IF(I15>=1,"Qcorrecto",IF(AND(AY15="aceptable",AZ15="aceptable",BA15="aceptable"),"Qcorrecto","Qincorrecto")) -> Qcorrecto | AY15: =IF(AR15<$AH$6,"error",IF(AR15>$AH$6*1.1,"error","aceptable")) -> aceptable | AZ15: =IF(AF15<$V$6,"error",IF(AF15>$V$6*1.1,"error","aceptable")) -> aceptable | BA15: =IF(T15<$J$6*0.9,"error",IF(T15>$J$6,"error","aceptable")) -> aceptable | BB15: =(IF(ABS(U15)<1.05,"CONFORME",IF(ABS(AG15)<1.05,"CONFORME",IF(ABS(AS15)<2.55,"CONFORME","NO CONFORME")))) -> NO CONFORME | BC15: =(IF(ABS(U15)>2.05,"NO CONFORME",IF(ABS(AG15)>2.05,"NO CONFORME",IF(ABS(AS15)>5.05,"NO CONFORME","CONFORME")))) -> NO CONFORME | BD15: =SIGN(U15) -> -1 | BE15: =SIGN(AG15) -> -1 | BF15: =SIGN(AS15) -> -1 | BG15: =CONCATENATE(BD15,BE15,BF15) -> -1-1-1 | BH15: =IF(BG15="111","SI","SD") -> SD | BI15: =IF(BG15="-1-1-1","SI","SD") -> SI | BJ15: =OR(BH15="SI",BI15="SI") -> TRUE | BK15: =IF(BJ15=FALSE,"SIGDIFERENTES","SIGIGUALES") -> SIGIGUALES | BL15: =IF(BC15="NO CONFORME","NO CONFORME",IF(BB15="CONFORME","CONFORME","NO CONFORME")) -> NO CONFORME
A16: 8 | B16: =B15 -> 45919 | C16: =C15 -> 45919 | D16: =D15 -> 6 | E16: =E15 -> 15 | H16: =H15 -> 25.6 | I16: =I15 -> 0 | J16: =J15 -> 20.9 | K16: =K15 -> 7.883 | L16: =L15 -> 0.554 | O16: =O15 -> 100.62 | P16: =P15 -> 2,29,560 | Q16: =LEFT(P16,1) -> 2 | R16: =RIGHT(P16,6) -> 29,560 | S16: =+(Q16*60+R16)/(60*60) -> 0.041544444 | T16: =+O16/S16 -> 2421.9845 | U16: =+(((N16-M16-O16)/O16)*100) -> -100 | V16: =V15 -> 20.4 | W16: =W15 -> 1.507 | X16: =X15 -> 1.504 | AA16: =AA15 -> 10.015 | AB16: =AB15 -> 22,10,090 | AC16: =LEFT(AB16,2) -> 22 | AD16: =RIGHT(AB16,6) -> 10,090 | AE16: =+(AC16*60+AD16)/(60*60) -> 0.36946944 | AF16: =+AA16/AE16 -> 27.106436 | AG16: =+(((Z16-Y16-AA16)/AA16)*100) -> -100 | AH16: =AH15 -> 20.3 | AI16: =AI15 -> 1.509 | AJ16: =AJ15 -> 1.504 | AK16: =Z16 -> 0 | AM16: =AM15 -> 5.013 | AN16: =AN15 -> 17,59,050 | AO16: =LEFT(AN16,2) -> 17 | AP16: =RIGHT(AN16,6) -> 59,050 | AQ16: =+(AO16*60+AP16)/(60*60) -> 0.29973611 | AR16: =+AM16/AQ16 -> 16.724712 | AS16: =+(((AL16-AK16-AM16)/AM16)*100) -> -100 | AT16: =IF(I16>=1,"NO CONFORME",IF(BK16="SIGDIFERENTES",BC16,BL16)) -> NO CONFORME | AU16: =B16=C16 -> TRUE | AV16: =N16<Y16 -> FALSE | AW16: =Z16<=AK16 -> TRUE | AX16: =IF(I16>=1,"Qcorrecto",IF(AND(AY16="aceptable",AZ16="aceptable",BA16="aceptable"),"Qcorrecto","Qincorrecto")) -> Qcorrecto | AY16: =IF(AR16<$AH$6,"error",IF(AR16>$AH$6*1.1,"error","aceptable")) -> aceptable | AZ16: =IF(AF16<$V$6,"error",IF(AF16>$V$6*1.1,"error","aceptable")) -> aceptable | BA16: =IF(T16<$J$6*0.9,"error",IF(T16>$J$6,"error","aceptable")) -> aceptable | BB16: =(IF(ABS(U16)<1.05,"CONFORME",IF(ABS(AG16)<1.05,"CONFORME",IF(ABS(AS16)<2.55,"CONFORME","NO CONFORME")))) -> NO CONFORME | BC16: =(IF(ABS(U16)>2.05,"NO CONFORME",IF(ABS(AG16)>2.05,"NO CONFORME",IF(ABS(AS16)>5.05,"NO CONFORME","CONFORME")))) -> NO CONFORME | BD16: =SIGN(U16) -> -1 | BE16: =SIGN(AG16) -> -1 | BF16: =SIGN(AS16) -> -1 | BG16: =CONCATENATE(BD16,BE16,BF16) -> -1-1-1 | BH16: =IF(BG16="111","SI","SD") -> SD | BI16: =IF(BG16="-1-1-1","SI","SD") -> SI | BJ16: =OR(BH16="SI",BI16="SI") -> TRUE | BK16: =IF(BJ16=FALSE,"SIGDIFERENTES","SIGIGUALES") -> SIGIGUALES | BL16: =IF(BC16="NO CONFORME","NO CONFORME",IF(BB16="CONFORME","CONFORME","NO CONFORME")) -> NO CONFORME
A17: 9 | B17: =B16 -> 45919 | C17: =C16 -> 45919 | D17: =D16 -> 6 | E17: =E16 -> 15 | H17: =H16 -> 25.6 | I17: =I16 -> 0 | J17: =J16 -> 20.9 | K17: =K16 -> 7.883 | L17: =L16 -> 0.554 | O17: =O16 -> 100.62 | P17: =P16 -> 2,29,560 | Q17: =LEFT(P17,1) -> 2 | R17: =RIGHT(P17,6) -> 29,560 | S17: =+(Q17*60+R17)/(60*60) -> 0.041544444 | T17: =+O17/S17 -> 2421.9845 | U17: =+(((N17-M17-O17)/O17)*100) -> -100 | V17: =V16 -> 20.4 | W17: =W16 -> 1.507 | X17: =X16 -> 1.504 | AA17: =AA16 -> 10.015 | AB17: =AB16 -> 22,10,090 | AC17: =LEFT(AB17,2) -> 22 | AD17: =RIGHT(AB17,6) -> 10,090 | AE17: =+(AC17*60+AD17)/(60*60) -> 0.36946944 | AF17: =+AA17/AE17 -> 27.106436 | AG17: =+(((Z17-Y17-AA17)/AA17)*100) -> -100 | AH17: =AH16 -> 20.3 | AI17: =AI16 -> 1.509 | AJ17: =AJ16 -> 1.504 | AK17: =Z17 -> 0 | AM17: =AM16 -> 5.013 | AN17: =AN16 -> 17,59,050 | AO17: =LEFT(AN17,2) -> 17 | AP17: =RIGHT(AN17,6) -> 59,050 | AQ17: =+(AO17*60+AP17)/(60*60) -> 0.29973611 | AR17: =+AM17/AQ17 -> 16.724712 | AS17: =+(((AL17-AK17-AM17)/AM17)*100) -> -100 | AT17: =IF(I17>=1,"NO CONFORME",IF(BK17="SIGDIFERENTES",BC17,BL17)) -> NO CONFORME | AU17: =B17=C17 -> TRUE | AV17: =N17<Y17 -> FALSE | AW17: =Z17<=AK17 -> TRUE | AX17: =IF(I17>=1,"Qcorrecto",IF(AND(AY17="aceptable",AZ17="aceptable",BA17="aceptable"),"Qcorrecto","Qincorrecto")) -> Qcorrecto | AY17: =IF(AR17<$AH$6,"error",IF(AR17>$AH$6*1.1,"error","aceptable")) -> aceptable | AZ17: =IF(AF17<$V$6,"error",IF(AF17>$V$6*1.1,"error","aceptable")) -> aceptable | BA17: =IF(T17<$J$6*0.9,"error",IF(T17>$J$6,"error","aceptable")) -> aceptable | BB17: =(IF(ABS(U17)<1.05,"CONFORME",IF(ABS(AG17)<1.05,"CONFORME",IF(ABS(AS17)<2.55,"CONFORME","NO CONFORME")))) -> NO CONFORME | BC17: =(IF(ABS(U17)>2.05,"NO CONFORME",IF(ABS(AG17)>2.05,"NO CONFORME",IF(ABS(AS17)>5.05,"NO CONFORME","CONFORME")))) -> NO CONFORME | BD17: =SIGN(U17) -> -1 | BE17: =SIGN(AG17) -> -1 | BF17: =SIGN(AS17) -> -1 | BG17: =CONCATENATE(BD17,BE17,BF17) -> -1-1-1 | BH17: =IF(BG17="111","SI","SD") -> SD | BI17: =IF(BG17="-1-1-1","SI","SD") -> SI | BJ17: =OR(BH17="SI",BI17="SI") -> TRUE | BK17: =IF(BJ17=FALSE,"SIGDIFERENTES","SIGIGUALES") -> SIGIGUALES | BL17: =IF(BC17="NO CONFORME","NO CONFORME",IF(BB17="CONFORME","CONFORME","NO CONFORME")) -> NO CONFORME
A18: 10 | B18: =B17 -> 45919 | C18: =C17 -> 45919 | D18: =D17 -> 6 | E18: =E17 -> 15 | H18: =H17 -> 25.6 | I18: =I17 -> 0 | J18: =J17 -> 20.9 | K18: =K17 -> 7.883 | L18: =L17 -> 0.554 | O18: =O17 -> 100.62 | P18: =P17 -> 2,29,560 | Q18: =LEFT(P18,1) -> 2 | R18: =RIGHT(P18,6) -> 29,560 | S18: =+(Q18*60+R18)/(60*60) -> 0.041544444 | T18: =+O18/S18 -> 2421.9845 | U18: =+(((N18-M18-O18)/O18)*100) -> -100 | V18: =V17 -> 20.4 | W18: =W17 -> 1.507 | X18: =X17 -> 1.504 | AA18: =AA17 -> 10.015 | AB18: =AB17 -> 22,10,090 | AC18: =LEFT(AB18,2) -> 22 | AD18: =RIGHT(AB18,6) -> 10,090 | AE18: =+(AC18*60+AD18)/(60*60) -> 0.36946944 | AF18: =+AA18/AE18 -> 27.106436 | AG18: =+(((Z18-Y18-AA18)/AA18)*100) -> -100 | AH18: =AH17 -> 20.3 | AI18: =AI17 -> 1.509 | AJ18: =AJ17 -> 1.504 | AK18: =Z18 -> 0 | AM18: =AM17 -> 5.013 | AN18: =AN17 -> 17,59,050 | AO18: =LEFT(AN18,2) -> 17 | AP18: =RIGHT(AN18,6) -> 59,050 | AQ18: =+(AO18*60+AP18)/(60*60) -> 0.29973611 | AR18: =+AM18/AQ18 -> 16.724712 | AS18: =+(((AL18-AK18-AM18)/AM18)*100) -> -100 | AT18: =IF(I18>=1,"NO CONFORME",IF(BK18="SIGDIFERENTES",BC18,BL18)) -> NO CONFORME | AU18: =B18=C18 -> TRUE | AV18: =N18<Y18 -> FALSE | AW18: =Z18<=AK18 -> TRUE | AX18: =IF(I18>=1,"Qcorrecto",IF(AND(AY18="aceptable",AZ18="aceptable",BA18="aceptable"),"Qcorrecto","Qincorrecto")) -> Qcorrecto | AY18: =IF(AR18<$AH$6,"error",IF(AR18>$AH$6*1.1,"error","aceptable")) -> aceptable | AZ18: =IF(AF18<$V$6,"error",IF(AF18>$V$6*1.1,"error","aceptable")) -> aceptable | BA18: =IF(T18<$J$6*0.9,"error",IF(T18>$J$6,"error","aceptable")) -> aceptable | BB18: =(IF(ABS(U18)<1.05,"CONFORME",IF(ABS(AG18)<1.05,"CONFORME",IF(ABS(AS18)<2.55,"CONFORME","NO CONFORME")))) -> NO CONFORME | BC18: =(IF(ABS(U18)>2.05,"NO CONFORME",IF(ABS(AG18)>2.05,"NO CONFORME",IF(ABS(AS18)>5.05,"NO CONFORME","CONFORME")))) -> NO CONFORME | BD18: =SIGN(U18) -> -1 | BE18: =SIGN(AG18) -> -1 | BF18: =SIGN(AS18) -> -1 | BG18: =CONCATENATE(BD18,BE18,BF18) -> -1-1-1 | BH18: =IF(BG18="111","SI","SD") -> SD | BI18: =IF(BG18="-1-1-1","SI","SD") -> SI | BJ18: =OR(BH18="SI",BI18="SI") -> TRUE | BK18: =IF(BJ18=FALSE,"SIGDIFERENTES","SIGIGUALES") -> SIGIGUALES | BL18: =IF(BC18="NO CONFORME","NO CONFORME",IF(BB18="CONFORME","CONFORME","NO CONFORME")) -> NO CONFORME
A19: 11 | B19: =B18 -> 45919 | C19: =C18 -> 45919 | D19: =D18 -> 6 | E19: =E18 -> 15 | H19: =H18 -> 25.6 | I19: =I18 -> 0 | J19: =J18 -> 20.9 | K19: =K18 -> 7.883 | L19: =L18 -> 0.554 | O19: =O18 -> 100.62 | P19: =P18 -> 2,29,560 | Q19: =LEFT(P19,1) -> 2 | R19: =RIGHT(P19,6) -> 29,560 | S19: =+(Q19*60+R19)/(60*60) -> 0.041544444 | T19: =+O19/S19 -> 2421.9845 | U19: =+(((N19-M19-O19)/O19)*100) -> -100 | V19: =V18 -> 20.4 | W19: =W18 -> 1.507 | X19: =X18 -> 1.504 | AA19: =AA18 -> 10.015 | AB19: =AB18 -> 22,10,090 | AC19: =LEFT(AB19,2) -> 22 | AD19: =RIGHT(AB19,6) -> 10,090 | AE19: =+(AC19*60+AD19)/(60*60) -> 0.36946944 | AF19: =+AA19/AE19 -> 27.106436 | AG19: =+(((Z19-Y19-AA19)/AA19)*100) -> -100 | AH19: =AH18 -> 20.3 | AI19: =AI18 -> 1.509 | AJ19: =AJ18 -> 1.504 | AK19: =Z19 -> 0 | AM19: =AM18 -> 5.013 | AN19: =AN18 -> 17,59,050 | AO19: =LEFT(AN19,2) -> 17 | AP19: =RIGHT(AN19,6) -> 59,050 | AQ19: =+(AO19*60+AP19)/(60*60) -> 0.29973611 | AR19: =+AM19/AQ19 -> 16.724712 | AS19: =+(((AL19-AK19-AM19)/AM19)*100) -> -100 | AT19: =IF(I19>=1,"NO CONFORME",IF(BK19="SIGDIFERENTES",BC19,BL19)) -> NO CONFORME | AU19: =B19=C19 -> TRUE | AV19: =N19<Y19 -> FALSE | AW19: =Z19<=AK19 -> TRUE | AX19: =IF(I19>=1,"Qcorrecto",IF(AND(AY19="aceptable",AZ19="aceptable",BA19="aceptable"),"Qcorrecto","Qincorrecto")) -> Qcorrecto | AY19: =IF(AR19<$AH$6,"error",IF(AR19>$AH$6*1.1,"error","aceptable")) -> aceptable | AZ19: =IF(AF19<$V$6,"error",IF(AF19>$V$6*1.1,"error","aceptable")) -> aceptable | BA19: =IF(T19<$J$6*0.9,"error",IF(T19>$J$6,"error","aceptable")) -> aceptable | BB19: =(IF(ABS(U19)<1.05,"CONFORME",IF(ABS(AG19)<1.05,"CONFORME",IF(ABS(AS19)<2.55,"CONFORME","NO CONFORME")))) -> NO CONFORME | BC19: =(IF(ABS(U19)>2.05,"NO CONFORME",IF(ABS(AG19)>2.05,"NO CONFORME",IF(ABS(AS19)>5.05,"NO CONFORME","CONFORME")))) -> NO CONFORME | BD19: =SIGN(U19) -> -1 | BE19: =SIGN(AG19) -> -1 | BF19: =SIGN(AS19) -> -1 | BG19: =CONCATENATE(BD19,BE19,BF19) -> -1-1-1 | BH19: =IF(BG19="111","SI","SD") -> SD | BI19: =IF(BG19="-1-1-1","SI","SD") -> SI | BJ19: =OR(BH19="SI",BI19="SI") -> TRUE | BK19: =IF(BJ19=FALSE,"SIGDIFERENTES","SIGIGUALES") -> SIGIGUALES | BL19: =IF(BC19="NO CONFORME","NO CONFORME",IF(BB19="CONFORME","CONFORME","NO CONFORME")) -> NO CONFORME
A20: 12 | B20: =B19 -> 45919 | C20: =C19 -> 45919 | D20: =D19 -> 6 | E20: =E19 -> 15 | H20: =H19 -> 25.6 | I20: =I19 -> 0 | J20: =J19 -> 20.9 | K20: =K19 -> 7.883 | L20: =L19 -> 0.554 | O20: =O19 -> 100.62 | P20: =P19 -> 2,29,560 | Q20: =LEFT(P20,1) -> 2 | R20: =RIGHT(P20,6) -> 29,560 | S20: =+(Q20*60+R20)/(60*60) -> 0.041544444 | T20: =+O20/S20 -> 2421.9845 | U20: =+(((N20-M20-O20)/O20)*100) -> -100 | V20: =V19 -> 20.4 | W20: =W19 -> 1.507 | X20: =X19 -> 1.504 | AA20: =AA19 -> 10.015 | AB20: =AB19 -> 22,10,090 | AC20: =LEFT(AB20,2) -> 22 | AD20: =RIGHT(AB20,6) -> 10,090 | AE20: =+(AC20*60+AD20)/(60*60) -> 0.36946944 | AF20: =+AA20/AE20 -> 27.106436 | AG20: =+(((Z20-Y20-AA20)/AA20)*100) -> -100 | AH20: =AH19 -> 20.3 | AI20: =AI19 -> 1.509 | AJ20: =AJ19 -> 1.504 | AK20: =Z20 -> 0 | AM20: =AM19 -> 5.013 | AN20: =AN19 -> 17,59,050 | AO20: =LEFT(AN20,2) -> 17 | AP20: =RIGHT(AN20,6) -> 59,050 | AQ20: =+(AO20*60+AP20)/(60*60) -> 0.29973611 | AR20: =+AM20/AQ20 -> 16.724712 | AS20: =+(((AL20-AK20-AM20)/AM20)*100) -> -100 | AT20: =IF(I20>=1,"NO CONFORME",IF(BK20="SIGDIFERENTES",BC20,BL20)) -> NO CONFORME | AU20: =B20=C20 -> TRUE | AV20: =N20<Y20 -> FALSE | AW20: =Z20<=AK20 -> TRUE | AX20: =IF(I20>=1,"Qcorrecto",IF(AND(AY20="aceptable",AZ20="aceptable",BA20="aceptable"),"Qcorrecto","Qincorrecto")) -> Qcorrecto | AY20: =IF(AR20<$AH$6,"error",IF(AR20>$AH$6*1.1,"error","aceptable")) -> aceptable | AZ20: =IF(AF20<$V$6,"error",IF(AF20>$V$6*1.1,"error","aceptable")) -> aceptable | BA20: =IF(T20<$J$6*0.9,"error",IF(T20>$J$6,"error","aceptable")) -> aceptable | BB20: =(IF(ABS(U20)<1.05,"CONFORME",IF(ABS(AG20)<1.05,"CONFORME",IF(ABS(AS20)<2.55,"CONFORME","NO CONFORME")))) -> NO CONFORME | BC20: =(IF(ABS(U20)>2.05,"NO CONFORME",IF(ABS(AG20)>2.05,"NO CONFORME",IF(ABS(AS20)>5.05,"NO CONFORME","CONFORME")))) -> NO CONFORME | BD20: =SIGN(U20) -> -1 | BE20: =SIGN(AG20) -> -1 | BF20: =SIGN(AS20) -> -1 | BG20: =CONCATENATE(BD20,BE20,BF20) -> -1-1-1 | BH20: =IF(BG20="111","SI","SD") -> SD | BI20: =IF(BG20="-1-1-1","SI","SD") -> SI | BJ20: =OR(BH20="SI",BI20="SI") -> TRUE | BK20: =IF(BJ20=FALSE,"SIGDIFERENTES","SIGIGUALES") -> SIGIGUALES | BL20: =IF(BC20="NO CONFORME","NO CONFORME",IF(BB20="CONFORME","CONFORME","NO CONFORME")) -> NO CONFORME
A21: 13 | B21: =B20 -> 45919 | C21: =C20 -> 45919 | D21: =D20 -> 6 | E21: =E20 -> 15 | H21: =H20 -> 25.6 | I21: =I20 -> 0 | J21: =J20 -> 20.9 | K21: =K20 -> 7.883 | L21: =L20 -> 0.554 | O21: =O20 -> 100.62 | P21: =P20 -> 2,29,560 | Q21: =LEFT(P21,1) -> 2 | R21: =RIGHT(P21,6) -> 29,560 | S21: =+(Q21*60+R21)/(60*60) -> 0.041544444 | T21: =+O21/S21 -> 2421.9845 | U21: =+(((N21-M21-O21)/O21)*100) -> -100 | V21: =V20 -> 20.4 | W21: =W20 -> 1.507 | X21: =X20 -> 1.504 | AA21: =AA20 -> 10.015 | AB21: =AB20 -> 22,10,090 | AC21: =LEFT(AB21,2) -> 22 | AD21: =RIGHT(AB21,6) -> 10,090 | AE21: =+(AC21*60+AD21)/(60*60) -> 0.36946944 | AF21: =+AA21/AE21 -> 27.106436 | AG21: =+(((Z21-Y21-AA21)/AA21)*100) -> -100 | AH21: =AH20 -> 20.3 | AI21: =AI20 -> 1.509 | AJ21: =AJ20 -> 1.504 | AK21: =Z21 -> 0 | AM21: =AM20 -> 5.013 | AN21: =AN20 -> 17,59,050 | AO21: =LEFT(AN21,2) -> 17 | AP21: =RIGHT(AN21,6) -> 59,050 | AQ21: =+(AO21*60+AP21)/(60*60) -> 0.29973611 | AR21: =+AM21/AQ21 -> 16.724712 | AS21: =+(((AL21-AK21-AM21)/AM21)*100) -> -100 | AT21: =IF(I21>=1,"NO CONFORME",IF(BK21="SIGDIFERENTES",BC21,BL21)) -> NO CONFORME | AU21: =B21=C21 -> TRUE | AV21: =N21<Y21 -> FALSE | AW21: =Z21<=AK21 -> TRUE | AX21: =IF(I21>=1,"Qcorrecto",IF(AND(AY21="aceptable",AZ21="aceptable",BA21="aceptable"),"Qcorrecto","Qincorrecto")) -> Qcorrecto | AY21: =IF(AR21<$AH$6,"error",IF(AR21>$AH$6*1.1,"error","aceptable")) -> aceptable | AZ21: =IF(AF21<$V$6,"error",IF(AF21>$V$6*1.1,"error","aceptable")) -> aceptable | BA21: =IF(T21<$J$6*0.9,"error",IF(T21>$J$6,"error","aceptable")) -> aceptable | BB21: =(IF(ABS(U21)<1.05,"CONFORME",IF(ABS(AG21)<1.05,"CONFORME",IF(ABS(AS21)<2.55,"CONFORME","NO CONFORME")))) -> NO CONFORME | BC21: =(IF(ABS(U21)>2.05,"NO CONFORME",IF(ABS(AG21)>2.05,"NO CONFORME",IF(ABS(AS21)>5.05,"NO CONFORME","CONFORME")))) -> NO CONFORME | BD21: =SIGN(U21) -> -1 | BE21: =SIGN(AG21) -> -1 | BF21: =SIGN(AS21) -> -1 | BG21: =CONCATENATE(BD21,BE21,BF21) -> -1-1-1 | BH21: =IF(BG21="111","SI","SD") -> SD | BI21: =IF(BG21="-1-1-1","SI","SD") -> SI | BJ21: =OR(BH21="SI",BI21="SI") -> TRUE | BK21: =IF(BJ21=FALSE,"SIGDIFERENTES","SIGIGUALES") -> SIGIGUALES | BL21: =IF(BC21="NO CONFORME","NO CONFORME",IF(BB21="CONFORME","CONFORME","NO CONFORME")) -> NO CONFORME
... A728: 720 | B728: =B727 -> 45919 | C728: =C727 -> 45919 | D728: =D727 -> 6 | E728: =E727 -> 15 | H728: =H727 -> 25.6 | I728: =I727 -> 0 | J728: =J727 -> 20.9 | K728: =K727 -> 7.883 | L728: =L727 -> 0.554 | O728: =O727 -> 100.62 | P728: =P727 -> 2,29,560 | Q728: =LEFT(P728,1) -> 2 | R728: =RIGHT(P728,6) -> 29,560 | S728: =+(Q728*60+R728)/(60*60) -> 0.041544444 | T728: =+O728/S728 -> 2421.9845 | U728: =+(((N728-M728-O728)/O728)*100) -> -100 | V728: =V727 -> 20.4 | W728: =W727 -> 1.507 | X728: =X727 -> 1.504 | AA728: =AA727 -> 10.015 | AB728: =AB727 -> 22,10,090 | AC728: =LEFT(AB728,2) -> 22 | AD728: =RIGHT(AB728,6) -> 10,090 | AE728: =+(AC728*60+AD728)/(60*60) -> 0.36946944 | AF728: =+AA728/AE728 -> 27.106436 | AG728: =+(((Z728-Y728-AA728)/AA728)*100) -> -100 | AH728: =AH727 -> 20.3 | AI728: =AI727 -> 1.509 | AJ728: =AJ727 -> 1.504 | AK728: =Z728 -> 0 | AM728: =AM727 -> 5.013 | AN728: =AN727 -> 17,59,050 | AO728: =LEFT(AN728,2) -> 17 | AP728: =RIGHT(AN728,6) -> 59,050 | AQ728: =+(AO728*60+AP728)/(60*60) -> 0.29973611 | AR728: =+AM728/AQ728 -> 16.724712 | AS728: =+(((AL728-AK728-AM728)/AM728)*100) -> -100 | AT728: =IF(I728>=1,"NO CONFORME",IF(BK728="SIGDIFERENTES",BC728,BL728)) -> NO CONFORME | AU728: =B728=C728 -> TRUE | AV728: =N728<Y728 -> FALSE | AW728: =Z728<=AK728 -> TRUE | AX728: =IF(I728>=1,"Qcorrecto",IF(AND(AY728="aceptable",AZ728="aceptable",BA728="aceptable"),"Qcorrecto","Qincorrecto")) -> Qcorrecto | AY728: =IF(AR728<$AH$6,"error",IF(AR728>$AH$6*1.1,"error","aceptable")) -> aceptable | AZ728: =IF(AF728<$V$6,"error",IF(AF728>$V$6*1.1,"error","aceptable")) -> aceptable | BA728: =IF(T728<$J$6*0.9,"error",IF(T728>$J$6,"error","aceptable")) -> aceptable | BB728: =(IF(ABS(U728)<1.05,"CONFORME",IF(ABS(AG728)<1.05,"CONFORME",IF(ABS(AS728)<2.55,"CONFORME","NO CONFORME")))) -> NO CONFORME | BC728: =(IF(ABS(U728)>2.05,"NO CONFORME",IF(ABS(AG728)>2.05,"NO CONFORME",IF(ABS(AS728)>5.05,"NO CONFORME","CONFORME")))) -> NO CONFORME | BD728: =SIGN(U728) -> -1 | BE728: =SIGN(AG728) -> -1 | BF728: =SIGN(AS728) -> -1 | BG728: =CONCATENATE(BD728,BE728,BF728) -> -1-1-1 | BH728: =IF(BG728="111","SI","SD") -> SD | BI728: =IF(BG728="-1-1-1","SI","SD") -> SI | BJ728: =OR(BH728="SI",BI728="SI") -> TRUE | BK728: =IF(BJ728=FALSE,"SIGDIFERENTES","SIGIGUALES") -> SIGIGUALES | BL728: =IF(BC728="NO CONFORME","NO CONFORME",IF(BB728="CONFORME","CONFORME","NO CONFORME")) -> NO CONFORME
AT730: =COUNTIF(AT9:AT728,"NO CONFORME") -> 719
AT731: =AT730/A728 -> 0.99861111

Sheet Hoja1
B2: LO VERIFICADO | C2: VIMA
D4: =B4=C4 -> TRUE | F4: ="VI-"&TEXT(E4,"000000")&"-2025" -> VI-000000-2025 | H4: =F4=G4 -> FALSE
D5: =B5=C5 -> TRUE | F5: ="VI-"&TEXT(E5,"000000")&"-2025" -> VI-000000-2025 | H5: =F5=G5 -> FALSE
D6: =B6=C6 -> TRUE | F6: ="VI-"&TEXT(E6,"000000")&"-2025" -> VI-000000-2025 | H6: =F6=G6 -> FALSE
D7: =B7=C7 -> TRUE | F7: ="VI-"&TEXT(E7,"000000")&"-2025" -> VI-000000-2025 | H7: =F7=G7 -> FALSE
D8: =B8=C8 -> TRUE | F8: ="VI-"&TEXT(E8,"000000")&"-2025" -> VI-000000-2025 | H8: =F8=G8 -> FALSE
D9: =B9=C9 -> TRUE | F9: ="VI-"&TEXT(E9,"000000")&"-2025" -> VI-000000-2025 | H9: =F9=G9 -> FALSE
D10: =B10=C10 -> TRUE | F10: ="VI-"&TEXT(E10,"000000")&"-2025" -> VI-000000-2025 | H10: =F10=G10 -> FALSE
D11: =B11=C11 -> TRUE | F11: ="VI-"&TEXT(E11,"000000")&"-2025" -> VI-000000-2025 | H11: =F11=G11 -> FALSE
D12: =B12=C12 -> TRUE | F12: ="VI-"&TEXT(E12,"000000")&"-2025" -> VI-000000-2025 | H12: =F12=G12 -> FALSE
D13: =B13=C13 -> TRUE | F13: ="VI-"&TEXT(E13,"000000")&"-2025" -> VI-000000-2025 | H13: =F13=G13 -> FALSE
D14: =B14=C14 -> TRUE | F14: ="VI-"&TEXT(E14,"000000")&"-2025" -> VI-000000-2025 | H14: =F14=G14 -> FALSE
D15: =B15=C15 -> TRUE | F15: ="VI-"&TEXT(E15,"000000")&"-2025" -> VI-000000-2025 | H15: =F15=G15 -> FALSE
... D723: =B723=C723 -> TRUE | F723: ="VI-"&TEXT(E723,"000000")&"-2025" -> VI-000000-2025 | H723: =F723=G723 -> FALSE

Sheet Hoja2 (2)
E1: =Hoja1!F1 -> 0 | F1: =Hoja1!G1 -> 0
A3: Item | B3: N° de banco de ensayo | C3: # Medidor | D3: Presión Estática (Estado) | E3: Q3 E % | F3: Q2 E % | G3: Q1 E % | H3: Estado | I3: Condición
A6: ='ERROR FINAL'!A9 -> 1 | B6: ='ERROR FINAL'!D9 -> 6 | C6: ='ERROR FINAL'!G9 -> PA25517181 | D6: ='ERROR FINAL'!I9 -> 0 | E6: ='ERROR FINAL'!U9 -> -0.83482409 | F6: ='ERROR FINAL'!AG9 -> -0.94857713 | G6: ='ERROR FINAL'!AS9 -> 0.53859964 | H6: =IF('ERROR FINAL'!AT9="CONFORME","CONFORME","NO CONFORME") -> CONFORME | I6: =IF(D6=0,"Medición",IF(D6=1,"Daño físico",IF(D6=2,"Fuga",IF(D6=3,"Picado",IF(D6=4,"Desfasado",IF(D6=5,"Paralizado","¿?")))))) -> Medición
A7: ='ERROR FINAL'!A10 -> 2 | B7: ='ERROR FINAL'!D10 -> 6 | C7: ='ERROR FINAL'!G10 -> 0 | D7: ='ERROR FINAL'!I10 -> 0 | E7: ='ERROR FINAL'!U10 -> -100 | F7: ='ERROR FINAL'!AG10 -> -100 | G7: ='ERROR FINAL'!AS10 -> -100 | H7: =IF('ERROR FINAL'!AT10="CONFORME","CONFORME","NO CONFORME") -> NO CONFORME | I7: =IF(D7=0,"Medición",IF(D7=1,"Daño físico",IF(D7=2,"Fuga",IF(D7=3,"Picado",IF(D7=4,"Desfasado",IF(D7=5,"Paralizado","¿?")))))) -> Medición
A8: ='ERROR FINAL'!A11 -> 3 | B8: ='ERROR FINAL'!D11 -> 6 | C8: ='ERROR FINAL'!G11 -> 0 | D8: ='ERROR FINAL'!I11 -> 0 | E8: ='ERROR FINAL'!U11 -> -100 | F8: ='ERROR FINAL'!AG11 -> -100 | G8: ='ERROR FINAL'!AS11 -> -100 | H8: =IF('ERROR FINAL'!AT11="CONFORME","CONFORME","NO CONFORME") -> NO CONFORME | I8: =IF(D8=0,"Medición",IF(D8=1,"Daño físico",IF(D8=2,"Fuga",IF(D8=3,"Picado",IF(D8=4,"Desfasado",IF(D8=5,"Paralizado","¿?")))))) -> Medición
A9: ='ERROR FINAL'!A12 -> 4 | B9: ='ERROR FINAL'!D12 -> 6 | C9: ='ERROR FINAL'!G12 -> 0 | D9: ='ERROR FINAL'!I12 -> 0 | E9: ='ERROR FINAL'!U12 -> -100 | F9: ='ERROR FINAL'!AG12 -> -100 | G9: ='ERROR FINAL'!AS12 -> -100 | H9: =IF('ERROR FINAL'!AT12="CONFORME","CONFORME","NO CONFORME") -> NO CONFORME | I9: =IF(D9=0,"Medición",IF(D9=1,"Daño físico",IF(D9=2,"Fuga",IF(D9=3,"Picado",IF(D9=4,"Desfasado",IF(D9=5,"Paralizado","¿?")))))) -> Medición
A10: ='ERROR FINAL'!A13 -> 5 | B10: ='ERROR FINAL'!D13 -> 6 | C10: ='ERROR FINAL'!G13 -> 0 | D10: ='ERROR FINAL'!I13 -> 0 | E10: ='ERROR FINAL'!U13 -> -100 | F10: ='ERROR FINAL'!AG13 -> -100 | G10: ='ERROR FINAL'!AS13 -> -100 | H10: =IF('ERROR FINAL'!AT13="CONFORME","CONFORME","NO CONFORME") -> NO CONFORME | I10: =IF(D10=0,"Medición",IF(D10=1,"Daño físico",IF(D10=2,"Fuga",IF(D10=3,"Picado",IF(D10=4,"Desfasado",IF(D10=5,"Paralizado","¿?")))))) -> Medición
A11: ='ERROR FINAL'!A14 -> 6 | B11: ='ERROR FINAL'!D14 -> 6 | C11: ='ERROR FINAL'!G14 -> 0 | D11: ='ERROR FINAL'!I14 -> 0 | E11: ='ERROR FINAL'!U14 -> -100 | F11: ='ERROR FINAL'!AG14 -> -100 | G11: ='ERROR FINAL'!AS14 -> -100 | H11: =IF('ERROR FINAL'!AT14="CONFORME","CONFORME","NO CONFORME") -> NO CONFORME | I11: =IF(D11=0,"Medición",IF(D11=1,"Daño físico",IF(D11=2,"Fuga",IF(D11=3,"Picado",IF(D11=4,"Desfasado",IF(D11=5,"Paralizado","¿?")))))) -> Medición
A12: ='ERROR FINAL'!A15 -> 7 | B12: ='ERROR FINAL'!D15 -> 6 | C12: ='ERROR FINAL'!G15 -> 0 | D12: ='ERROR FINAL'!I15 -> 0 | E12: ='ERROR FINAL'!U15 -> -100 | F12: ='ERROR FINAL'!AG15 -> -100 | G12: ='ERROR FINAL'!AS15 -> -100 | H12: =IF('ERROR FINAL'!AT15="CONFORME","CONFORME","NO CONFORME") -> NO CONFORME | I12: =IF(D12=0,"Medición",IF(D12=1,"Daño físico",IF(D12=2,"Fuga",IF(D12=3,"Picado",IF(D12=4,"Desfasado",IF(D12=5,"Paralizado","¿?")))))) -> Medición
A13: ='ERROR FINAL'!A16 -> 8 | B13: ='ERROR FINAL'!D16 -> 6 | C13: ='ERROR FINAL'!G16 -> 0 | D13: ='ERROR FINAL'!I16 -> 0 | E13: ='ERROR FINAL'!U16 -> -100 | F13: ='ERROR FINAL'!AG16 -> -100 | G13: ='ERROR FINAL'!AS16 -> -100 | H13: =IF('ERROR FINAL'!AT16="CONFORME","CONFORME","NO CONFORME") -> NO CONFORME | I13: =IF(D13=0,"Medición",IF(D13=1,"Daño físico",IF(D13=2,"Fuga",IF(D13=3,"Picado",IF(D13=4,"Desfasado",IF(D13=5,"Paralizado","¿?")))))) -> Medición
A14: ='ERROR FINAL'!A17 -> 9 | B14: ='ERROR FINAL'!D17 -> 6 | C14: ='ERROR FINAL'!G17 -> 0 | D14: ='ERROR FINAL'!I17 -> 0 | E14: ='ERROR FINAL'!U17 -> -100 | F14: ='ERROR FINAL'!AG17 -> -100 | G14: ='ERROR FINAL'!AS17 -> -100 | H14: =IF('ERROR FINAL'!AT17="CONFORME","CONFORME","NO CONFORME") -> NO CONFORME | I14: =IF(D14=0,"Medición",IF(D14=1,"Daño físico",IF(D14=2,"Fuga",IF(D14=3,"Picado",IF(D14=4,"Desfasado",IF(D14=5,"Paralizado","¿?")))))) -> Medición
A15: ='ERROR FINAL'!A18 -> 10 | B15: ='ERROR FINAL'!D18 -> 6 | C15: ='ERROR FINAL'!G18 -> 0 | D15: ='ERROR FINAL'!I18 -> 0 | E15: ='ERROR FINAL'!U18 -> -100 | F15: ='ERROR FINAL'!AG18 -> -100 | G15: ='ERROR FINAL'!AS18 -> -100 | H15: =IF('ERROR FINAL'!AT18="CONFORME","CONFORME","NO CONFORME") -> NO CONFORME | I15: =IF(D15=0,"Medición",IF(D15=1,"Daño físico",IF(D15=2,"Fuga",IF(D15=3,"Picado",IF(D15=4,"Desfasado",IF(D15=5,"Paralizado","¿?")))))) -> Medición
A16: ='ERROR FINAL'!A19 -> 11 | B16: ='ERROR FINAL'!D19 -> 6 | C16: ='ERROR FINAL'!G19 -> 0 | D16: ='ERROR FINAL'!I19 -> 0 | E16: ='ERROR FINAL'!U19 -> -100 | F16: ='ERROR FINAL'!AG19 -> -100 | G16: ='ERROR FINAL'!AS19 -> -100 | H16: =IF('ERROR FINAL'!AT19="CONFORME","CONFORME","NO CONFORME") -> NO CONFORME | I16: =IF(D16=0,"Medición",IF(D16=1,"Daño físico",IF(D16=2,"Fuga",IF(D16=3,"Picado",IF(D16=4,"Desfasado",IF(D16=5,"Paralizado","¿?")))))) -> Medición
A17: ='ERROR FINAL'!A20 -> 12 | B17: ='ERROR FINAL'!D20 -> 6 | C17: ='ERROR FINAL'!G20 -> 0 | D17: ='ERROR FINAL'!I20 -> 0 | E17: ='ERROR FINAL'!U20 -> -100 | F17: ='ERROR FINAL'!AG20 -> -100 | G17: ='ERROR FINAL'!AS20 -> -100 | H17: =IF('ERROR FINAL'!AT20="CONFORME","CONFORME","NO CONFORME") -> NO CONFORME | I17: =IF(D17=0,"Medición",IF(D17=1,"Daño físico",IF(D17=2,"Fuga",IF(D17=3,"Picado",IF(D17=4,"Desfasado",IF(D17=5,"Paralizado","¿?")))))) -> Medición
... A725: ='ERROR FINAL'!A728 -> 720 | B725: ='ERROR FINAL'!D728 -> 6 | C725: ='ERROR FINAL'!G728 -> 0 | D725: ='ERROR FINAL'!I728 -> 0 | E725: ='ERROR FINAL'!U728 -> -100 | F725: ='ERROR FINAL'!AG728 -> -100 | G725: ='ERROR FINAL'!AS728 -> -100 | H725: =IF('ERROR FINAL'!AT728="CONFORME","CONFORME","NO CONFORME") -> NO CONFORME | I725: =IF(D725=0,"Medición",IF(D725=1,"Daño físico",IF(D725=2,"Fuga",IF(D725=3,"Picado",IF(D725=4,"Desfasado",IF(D725=5,"Paralizado","¿?")))))) -> Medición

Sheet Hoja2
E1: =Hoja1!F1 -> 0 | F1: =Hoja1!G1 -> 0
A3: Item | B3: N° de banco de ensayo | C3: # Medidor | D3: Presión Estática (Estado) | E3: Q3 E % | F3: Q2 E % | G3: Q1 E % | H3: Estado | I3: Condición

Sheet Historial de cambios
A1: Fecha | B1: Celdas | C1: Descripción
A2: 45555 | B2: O4 | C2: Se agregó "500" como opción
