Workbook

Sheet ERROR FINAL
E1: FORMATO | AP1: Código: F05-GA-PR-01 | AY1: Q3/Q1 | AZ1: 100 | BA1: 125 | BB1: 160 | BC1: 200 | BD1: 400 | BE1: 500
E2: INGRESO DE DATOS DE LA VERIFICACIÓN INICIAL DE MEDIDORES EN LA COMPUTADORA | AP2: Versión: 08 | AY2: Q3 (m3/h): | AZ2: 1.6 | BA2: 2.5 | BB2: 4 | BC2: 6.3
AP3: Fecha de Vigencia: 2024-05-14
A4: Q3 (m3/h): | E4: 2.5 | J4: Alcance Q3/Q1: | O4: 160 | S4: MAXIMO ERROR PERMISIBLE (EMP): | AF4: Q3 | AH4: Q2 | AK4: Q1 | AN4: Revisado por: | AP4: - | AR4: Fecha: | AT4: -
A5: Presión Estática: 0=conforme; 1 = Daño Físico; 2 = Fuga; 3 = Picado; 4 = Desfasado; 5 = Paralizado | AF5: (±) 2% | AH5: (±) 2% | AK5: (±) 5% | AN5: Aprobado por: | AP5: - | AR5: Fecha: | AT5: -
A6: Item | B6: Fecha de Ensayo presion estatica | C6: Fecha de Ensayo errores de indicacion | D6: N° de banco de ensayo | E6: 1' Técnico | F6: Nro de ceritificado | G6: # Medidor | H6: Presión Estática | J6: =+E4*1000 -> 2500 | V6: =AH6*1.6 -> 25 | AH6: =J6/O4 -> 15.625 | AT6: Estado
J7: Q3 | V7: Q2 | AH7: Q1 | AY7: RANGOS ACEPTABLES DE CAUDAL
H8: Presión (bar) | I8: Estado | J8: Temperatura | K8: Presión Entrada | L8: Presión Salida | M8: L.I. | N8: L.F. | O8: Vol. P | P8: Tiempo | T8: Q3 | U8: E % | V8: Temperatura | W8: Presión Entrada | X8: Presión Salida | Y8: L.I. | Z8: L.F. | AA8: Vol. P | AB8: Tiempo | AF8: Q2 | AG8: E % | AH8: Temperatura | AI8: Presión Entrada | AJ8: Presión Salida | AK8: L.I. | AL8: L.F. | AM8: Vol. P | AN8: Tiempo | AR8: Q1 | AS8: E % | AX8: Caudal | AY8: Q1 | AZ8: Q2 | BA8: Q3 | BB8: Ley Signos y Errores
A9: 1 | B9: 45920 | C9: =B9 -> 45920 | D9: 3 | E9: 8 | G9: PA25516865 | H9: 25.6 | I9: 0 | J9: 21 | K9: 8.49 | L9: 0.549 | M9: 244.48 | N9: 344.05 | O9: 100.69 | P9: 2,30,160 | Q9: =LEFT(P9,1) -> 2 | R9: =RIGHT(P9,6) -> 30,160 | S9: =+(Q9*60+R9)/(60*60) -> 0.041711111 | T9: =+O9/S9 -> 2413.9851 | U9: =+(((N9-M9-O9)/O9)*100) -> -1.112325 | V9: 20.5 | W9: 1.102 | X9: 1.094 | Y9: 371.08 | Z9: 381.03 | AA9: 10.01 | AB9: 22,55,230 | AC9: =LEFT(AB9,2) -> 22 | AD9: =RIGHT(AB9,6) -> 55,230 | AE9: =+(AC9*60+AD9)/(60*60) -> 0.38200833 | AF9: =+AA9/AE9 -> 26.203617 | AG9: =+(((Z9-Y9-AA9)/AA9)*100) -> -0.5994006 | AH9: 21 | AI9: 1.098 | AJ9: 1.088 | AK9: =Z9 -> 381.03 | AL9: 386.02 | AM9: 5.009 | AN9: 18,15,540 | AO9: =LEFT(AN9,2) -> 18 | AP9: =RIGHT(AN9,6) -> 15,540 | AQ9: =+(AO9*60+AP9)/(60*60) -> 0.30431667 | AR9: =+AM9/AQ9 -> 16.459828 | AS9: =+(((AL9-AK9-AM9)/AM9)*100) -> -0.37931723 | AT9: =IF(I9>=1,"NO CONFORME",IF(BK9="SIGDIFERENTES",BC9,BL9)) -> CONFORME | AU9: =B9<=C9 -> TRUE | AV9: =N9<Y9 -> TRUE | AW9: =Z9<=AK9 -> TRUE | AX9: =IF(I9>=1,"Qcorrecto",IF(AND(AY9="aceptable",AZ9="aceptable",BA9="aceptable"),"Qcorrecto","Qincorrecto")) -> Qcorrecto | AY9: =IF(AR9<$AH$6,"error",IF(AR9>$AH$6*1.1,"error","aceptable")) -> aceptable | AZ9: =IF(AF9<$V$6,"error",IF(AF9>$V$6*1.1,"error","aceptable")) -> aceptable | BA9: =IF(T9<$J$6*0.9,"error",IF(T9>$J$6,"error","aceptable")) -> aceptable | BB9: =(IF(ABS(U9)<1.05,"CONFORME",IF(ABS(AG9)<1.05,"CONFORME",IF(ABS(AS9)<2.55,"CONFORME","NO CONFORME")))) -> CONFORME | BC9: =(IF(ABS(U9)>2.05,"NO CONFORME",IF(ABS(AG9)>2.05,"NO CONFORME",IF(ABS(AS9)>5.05,"NO CONFORME","CONFORME")))) -> CONFORME | BD9: =SIGN(U9) -> -1 | BE9: =SIGN(AG9) -> -1 | BF9: =SIGN(AS9) -> -1 | BG9: =CONCATENATE(BD9,BE9,BF9) -> -1-1-1 | BH9: =IF(BG9="111","SI","SD") -> SD | BI9: =IF(BG9="-1-1-1","SI","SD") -> SI | BJ9: =OR(BH9="SI",BI9="SI") -> TRUE | BK9: =IF(BJ9=FALSE,"SIGDIFERENTES","SIGIGUALES") -> SIGIGUALES | BL9: =IF(BC9="NO CONFORME","NO CONFORME",IF(BB9="CONFORME","CONFORME","NO CONFORME")) -> CONFORME
A10: 2 | B10: =B9 -> 45920 | C10: =C9 -> 45920 | D10: =D9 -> 3 | E10: =E9 -> 8 | G10: PA25516866 | H10: =H9 -> 25.6 | I10: =I9 -> 0 | J10: =J9 -> 21 | K10: =K9 -> 8.49 | L10: =L9 -> 0.549 | M10: 205.75 | N10: 305.34 | O10: =O9 -> 100.69 | P10: =P9 -> 2,30,160 | Q10: =LEFT(P10,1) -> 2 | R10: =RIGHT(P10,6) -> 30,160 | S10: =+(Q10*60+R10)/(60*60) -> 0.041711111 | T10: =+O10/S10 -> 2413.9851 | U10: =+(((N10-M10-O10)/O10)*100) -> -1.092462 | V10: =V9 -> 20.5 | W10: =W9 -> 1.102 | X10: =X9 -> 1.094 | Y10: 332.45 | Z10: 342.46 | AA10: =AA9 -> 10.01 | AB10: =AB9 -> 22,55,230 | AC10: =LEFT(AB10,2) -> 22 | AD10: =RIGHT(AB10,6) -> 55,230 | AE10: =+(AC10*60+AD10)/(60*60) -> 0.38200833 | AF10: =+AA10/AE10 -> 26.203617 | AG10: =+(((Z10-Y10-AA10)/AA10)*100) -> -8.8729113e-14 | AH10: =AH9 -> 21 | AI10: =AI9 -> 1.098 | AJ10: =AJ9 -> 1.088 | AK10: =Z10 -> 342.46 | AL10: 347.51 | AM10: =AM9 -> 5.009 | AN10: =AN9 -> 18,15,540 | AO10: =LEFT(AN10,2) -> 18 | AP10: =RIGHT(AN10,6) -> 15,540 | AQ10: =+(AO10*60+AP10)/(60*60) -> 0.30431667 | AR10: =+AM10/AQ10 -> 16.459828 | AS10: =+(((AL10-AK10-AM10)/AM10)*100) -> 0.81852665 | AT10: =IF(I10>=1,"NO CONFORME",IF(BK10="SIGDIFERENTES",BC10,BL10)) -> CONFORME | AU10: =B10<=C10 -> TRUE | AV10: =N10<Y10 -> TRUE | AW10: =Z10<=AK10 -> TRUE | AX10: =IF(I10>=1,"Qcorrecto",IF(AND(AY10="aceptable",AZ10="aceptable",BA10="aceptable"),"Qcorrecto","Qincorrecto")) -> Qcorrecto | AY10: =IF(AR10<$AH$6,"error",IF(AR10>$AH$6*1.1,"error","aceptable")) -> aceptable | AZ10: =IF(AF10<$V$6,"error",IF(AF10>$V$6*1.1,"error","aceptable")) -> aceptable | BA10: =IF(T10<$J$6*0.9,"error",IF(T10>$J$6,"error","aceptable")) -> aceptable | BB10: =(IF(ABS(U10)<1.05,"CONFORME",IF(ABS(AG10)<1.05,"CONFORME",IF(ABS(AS10)<2.55,"CONFORME","NO CONFORME")))) -> CONFORME | BC10: =(IF(ABS(U10)>2.05,"NO CONFORME",IF(ABS(AG10)>2.05,"NO CONFORME",IF(ABS(AS10)>5.05,"NO CONFORME","CONFORME")))) -> CONFORME | BD10: =SIGN(U10) -> -1 | BE10: =SIGN(AG10) -> -1 | BF10: =SIGN(AS10) -> 1 | BG10: =CONCATENATE(BD10,BE10,BF10) -> -1-11 | BH10: =IF(BG10="111","SI","SD") -> SD | BI10: =IF(BG10="-1-1-1","SI","SD") -> SD | BJ10: =OR(BH10="SI",BI10="SI") -> FALSE | BK10: =IF(BJ10=FALSE,"SIGDIFERENTES","SIGIGUALES") -> SIGDIFERENTES | BL10: =IF(BC10="NO CONFORME","NO CONFORME",IF(BB10="CONFORME","CONFORME","NO CONFORME")) -> CONFORME
A11: 3 | B11: =B10 -> 45920 | C11: =C10 -> 45920 | D11: =D10 -> 3 | E11: =E10 -> 8 | G11: PA25516867 | H11: =H10 -> 25.6 | I11: =I10 -> 0 | J11: =J10 -> 21 | K11: =K10 -> 8.49 | L11: =L10 -> 0.549 | M11: 206.81 | N11: 307 | O11: =O10 -> 100.69 | P11: =P10 -> 2,30,160 | Q11: =LEFT(P11,1) -> 2 | R11: =RIGHT(P11,6) -> 30,160 | S11: =+(Q11*60+R11)/(60*60) -> 0.041711111 | T11: =+O11/S11 -> 2413.9851 | U11: =+(((N11-M11-O11)/O11)*100) -> -0.49657364 | V11: =V10 -> 20.5 | W11: =W10 -> 1.102 | X11: =X10 -> 1.094 | Y11: 334.16 | Z11: 344.16 | AA11: =AA10 -> 10.01 | AB11: =AB10 -> 22,55,230 | AC11: =LEFT(AB11,2) -> 22 | AD11: =RIGHT(AB11,6) -> 55,230 | AE11: =+(AC11*60+AD11)/(60*60) -> 0.38200833 | AF11: =+AA11/AE11 -> 26.203617 | AG11: =+(((Z11-Y11-AA11)/AA11)*100) -> -0.0999001 | AH11: =AH10 -> 21 | AI11: =AI10 -> 1.098 | AJ11: =AJ10 -> 1.088 | AK11: =Z11 -> 344.16 | AL11: 349.19 | AM11: =AM10 -> 5.009 | AN11: =AN10 -> 18,15,540 | AO11: =LEFT(AN11,2) -> 18 | AP11: =RIGHT(AN11,6) -> 15,540 | AQ11: =+(AO11*60+AP11)/(60*60) -> 0.30431667 | AR11: =+AM11/AQ11 -> 16.459828 | AS11: =+(((AL11-AK11-AM11)/AM11)*100) -> 0.41924536 | AT11: =IF(I11>=1,"NO CONFORME",IF(BK11="SIGDIFERENTES",BC11,BL11)) -> CONFORME | AU11: =B11<=C11 -> TRUE | AV11: =N11<Y11 -> TRUE | AW11: =Z11<=AK11 -> TRUE | AX11: =IF(I11>=1,"Qcorrecto",IF(AND(AY11="aceptable",AZ11="aceptable",BA11="aceptable"),"Qcorrecto","Qincorrecto")) -> Qcorrecto | AY11: =IF(AR11<$AH$6,"error",IF(AR11>$AH$6*1.1,"error","aceptable")) -> aceptable | AZ11: =IF(AF11<$V$6,"error",IF(AF11>$V$6*1.1,"error","aceptable")) -> aceptable | BA11: =IF(T11<$J$6*0.9,"error",IF(T11>$J$6,"error","aceptable")) -> aceptable | BB11: =(IF(ABS(U11)<1.05,"CONFORME",IF(ABS(AG11)<1.05,"CONFORME",IF(ABS(AS11)<2.55,"CONFORME","NO CONFORME")))) -> CONFORME | BC11: =(IF(ABS(U11)>2.05,"NO CONFORME",IF(ABS(AG11)>2.05,"NO CONFORME",IF(ABS(AS11)>5.05,"NO CONFORME","CONFORME")))) -> CONFORME | BD11: =SIGN(U11) -> -1 | BE11: =SIGN(AG11) -> -1 | BF11: =SIGN(AS11) -> 1 | BG11: =CONCATENATE(BD11,BE11,BF11) -> -1-11 | BH11: =IF(BG11="111","SI","SD") -> SD | BI11: =IF(BG11="-1-1-1","SI","SD") -> SD | BJ11: =OR(BH11="SI",BI11="SI") -> FALSE | BK11: =IF(BJ11=FALSE,"SIGDIFERENTES","SIGIGUALES") -> SIGDIFERENTES | BL11: =IF(BC11="NO CONFORME","NO CONFORME",IF(BB11="CONFORME","CONFORME","NO CONFORME")) -> CONFORME
A12: 4 | B12: =B11 -> 45920 | C12: =C11 -> 45920 | D12: =D11 -> 3 | E12: =E11 -> 8 | G12: PA25516868 | H12: =H11 -> 25.6 | I12: =I11 -> 0 | J12: =J11 -> 21 | K12: =K11 -> 8.49 | L12: =L11 -> 0.549 | M12: 246.14 | N12: 346.37 | O12: =O11 -> 100.69 | P12: =P11 -> 2,30,160 | Q12: =LEFT(P12,1) -> 2 | R12: =RIGHT(P12,6) -> 30,160 | S12: =+(Q12*60+R12)/(60*60) -> 0.041711111 | T12: =+O12/S12 -> 2413.9851 | U12: =+(((N12-M12-O12)/O12)*100) -> -0.45684775 | V12: =V11 -> 20.5 | W12: =W11 -> 1.102 | X12: =X11 -> 1.094 | Y12: 373.53 | Z12: 383.5 | AA12: =AA11 -> 10.01 | AB12: =AB11 -> 22,55,230 | AC12: =LEFT(AB12,2) -> 22 | AD12: =RIGHT(AB12,6) -> 55,230 | AE12: =+(AC12*60+AD12)/(60*60) -> 0.38200833 | AF12: =+AA12/AE12 -> 26.203617 | AG12: =+(((Z12-Y12-AA12)/AA12)*100) -> -0.3996004 | AH12: =AH11 -> 21 | AI12: =AI11 -> 1.098 | AJ12: =AJ11 -> 1.088 | AK12: =Z12 -> 383.5 | AL12: 388.51 | AM12: =AM11 -> 5.009 | AN12: =AN11 -> 18,15,540 | AO12: =LEFT(AN12,2) -> 18 | AP12: =RIGHT(AN12,6) -> 15,540 | AQ12: =+(AO12*60+AP12)/(60*60) -> 0.30431667 | AR12: =+AM12/AQ12 -> 16.459828 | AS12: =+(((AL12-AK12-AM12)/AM12)*100) -> 0.019964065 | AT12: =IF(I12>=1,"NO CONFORME",IF(BK12="SIGDIFERENTES",BC12,BL12)) -> CONFORME | AU12: =B12<=C12 -> TRUE | AV12: =N12<Y12 -> TRUE | AW12: =Z12<=AK12 -> TRUE | AX12: =IF(I12>=1,"Qcorrecto",IF(AND(AY12="aceptable",AZ12="aceptable",BA12="aceptable"),"Qcorrecto","Qincorrecto")) -> Qcorrecto | AY12: =IF(AR12<$AH$6,"error",IF(AR12>$AH$6*1.1,"error","aceptable")) -> aceptable | AZ12: =IF(AF12<$V$6,"error",IF(AF12>$V$6*1.1,"error","aceptable")) -> aceptable | BA12: =IF(T12<$J$6*0.9,"error",IF(T12>$J$6,"error","aceptable")) -> aceptable | BB12: =(IF(ABS(U12)<1.05,"CONFORME",IF(ABS(AG12)<1.05,"CONFORME",IF(ABS(AS12)<2.55,"CONFORME","NO CONFORME")))) -> CONFORME | BC12: =(IF(ABS(U12)>2.05,"NO CONFORME",IF(ABS(AG12)>2.05,"NO CONFORME",IF(ABS(AS12)>5.05,"NO CONFORME","CONFORME")))) -> CONFORME | BD12: =SIGN(U12) -> -1 | BE12: =SIGN(AG12) -> -1 | BF12: =SIGN(AS12) -> 1 | BG12: =CONCATENATE(BD12,BE12,BF12) -> -1-11 | BH12: =IF(BG12="111","SI","SD") -> SD | BI12: =IF(BG12="-1-1-1","SI","SD") -> SD | BJ12: =OR(BH12="SI",BI12="SI") -> FALSE | BK12: =IF(BJ12=FALSE,"SIGDIFERENTES","SIGIGUALES") -> SIGDIFERENTES | BL12: =IF(BC12="NO CONFORME","NO CONFORME",IF(BB12="CONFORME","CONFORME","NO CONFORME")) -> CONFORME
A13: 5 | B13: =B12 -> 45920 | C13: =C12 -> 45920 | D13: =D12 -> 3 | E13: =E12 -> 8 | G13: PA25516869 | H13: =H12 -> 25.6 | I13: =I12 -> 0 | J13: =J12 -> 21 | K13: =K12 -> 8.49 | L13: =L12 -> 0.549 | M13: 288.5 | N13: 388.1 | O13: =O12 -> 100.69 | P13: =P12 -> 2,30,160 | Q13: =LEFT(P13,1) -> 2 | R13: =RIGHT(P13,6) -> 30,160 | S13: =+(Q13*60+R13)/(60*60) -> 0.041711111 | T13: =+O13/S13 -> 2413.9851 | U13: =+(((N13-M13-O13)/O13)*100) -> -1.0825305 | V13: =V12 -> 20.5 | W13: =W12 -> 1.102 | X13: =X12 -> 1.094 | Y13: 415.15 | Z13: 425.13 | AA13: =AA12 -> 10.01 | AB13: =AB12 -> 22,55,230 | AC13: =LEFT(AB13,2) -> 22 | AD13: =RIGHT(AB13,6) -> 55,230 | AE13: =+(AC13*60+AD13)/(60*60) -> 0.38200833 | AF13: =+AA13/AE13 -> 26.203617 | AG13: =+(((Z13-Y13-AA13)/AA13)*100) -> -0.2997003 | AH13: =AH12 -> 21 | AI13: =AI12 -> 1.098 | AJ13: =AJ12 -> 1.088 | AK13: =Z13 -> 425.13 | AL13: 430.15 | AM13: =AM12 -> 5.009 | AN13: =AN12 -> 18,15,540 | AO13: =LEFT(AN13,2) -> 18 | AP13: =RIGHT(AN13,6) -> 15,540 | AQ13: =+(AO13*60+AP13)/(60*60) -> 0.30431667 | AR13: =+AM13/AQ13 -> 16.459828 | AS13: =+(((AL13-AK13-AM13)/AM13)*100) -> 0.21960471 | AT13: =IF(I13>=1,"NO CONFORME",IF(BK13="SIGDIFERENTES",BC13,BL13)) -> CONFORME | AU13: =B13<=C13 -> TRUE | AV13: =N13<Y13 -> TRUE | AW13: =Z13<=AK13 -> TRUE | AX13: =IF(I13>=1,"Qcorrecto",IF(AND(AY13="aceptable",AZ13="aceptable",BA13="aceptable"),"Qcorrecto","Qincorrecto")) -> Qcorrecto | AY13: =IF(AR13<$AH$6,"error",IF(AR13>$AH$6*1.1,"error","aceptable")) -> aceptable | AZ13: =IF(AF13<$V$6,"error",IF(AF13>$V$6*1.1,"error","aceptable")) -> aceptable | BA13: =IF(T13<$J$6*0.9,"error",IF(T13>$J$6,"error","aceptable")) -> aceptable | BB13: =(IF(ABS(U13)<1.05,"CONFORME",IF(ABS(AG13)<1.05,"CONFORME",IF(ABS(AS13)<2.55,"CONFORME","NO CONFORME")))) -> CONFORME | BC13: =(IF(ABS(U13)>2.05,"NO CONFORME",IF(ABS(AG13)>2.05,"NO CONFORME",IF(ABS(AS13)>5.05,"NO CONFORME","CONFORME")))) -> CONFORME | BD13: =SIGN(U13) -> -1 | BE13: =SIGN(AG13) -> -1 | BF13: =SIGN(AS13) -> 1 | BG13: =CONCATENATE(BD13,BE13,BF13) -> -1-11 | BH13: =IF(BG13="111","SI","SD") -> SD | BI13: =IF(BG13="-1-1-1","SI","SD") -> SD | BJ13: =OR(BH13="SI",BI13="SI") -> FALSE | BK13: =IF(BJ13=FALSE,"SIGDIFERENTES","SIGIGUALES") -> SIGDIFERENTES | BL13: =IF(BC13="NO CONFORME","NO CONFORME",IF(BB13="CONFORME","CONFORME","NO CONFORME")) -> CONFORME
A14: 6 | B14: =B13 -> 45920 | C14: =C13 -> 45920 | D14: =D13 -> 3 | E14: =E13 -> 8 | G14: PA25516870 | H14: =H13 -> 25.6 | I14: =I13 -> 0 | J14: =J13 -> 21 | K14: =K13 -> 8.49 | L14: =L13 -> 0.549 | M14: 245.27 | N14: 344.66 | O14: =O13 -> 100.69 | P14: =P13 -> 2,30,160 | Q14: =LEFT(P14,1) -> 2 | R14: =RIGHT(P14,6) -> 30,160 | S14: =+(Q14*60+R14)/(60*60) -> 0.041711111 | T14: =+O14/S14 -> 2413.9851 | U14: =+(((N14-M14-O14)/O14)*100) -> -1.2910915 | V14: =V13 -> 20.5 | W14: =W13 -> 1.102 | X14: =X13 -> 1.094 | Y14: 371.74 | Z14: 381.67 | AA14: =AA13 -> 10.01 | AB14: =AB13 -> 22,55,230 | AC14: =LEFT(AB14,2) -> 22 | AD14: =RIGHT(AB14,6) -> 55,230 | AE14: =+(AC14*60+AD14)/(60*60) -> 0.38200833 | AF14: =+AA14/AE14 -> 26.203617 | AG14: =+(((Z14-Y14-AA14)/AA14)*100) -> -0.7992008 | AH14: =AH13 -> 21 | AI14: =AI13 -> 1.098 | AJ14: =AJ13 -> 1.088 | AK14: =Z14 -> 381.67 | AL14: 386.64 | AM14: =AM13 -> 5.009 | AN14: =AN13 -> 18,15,540 | AO14: =LEFT(AN14,2) -> 18 | AP14: =RIGHT(AN14,6) -> 15,540 | AQ14: =+(AO14*60+AP14)/(60*60) -> 0.30431667 | AR14: =+AM14/AQ14 -> 16.459828 | AS14: =+(((AL14-AK14-AM14)/AM14)*100) -> -0.77859852 | AT14: =IF(I14>=1,"NO CONFORME",IF(BK14="SIGDIFERENTES",BC14,BL14)) -> CONFORME | AU14: =B14<=C14 -> TRUE | AV14: =N14<Y14 -> TRUE | AW14: =Z14<=AK14 -> TRUE | AX14: =IF(I14>=1,"Qcorrecto",IF(AND(AY14="aceptable",AZ14="aceptable",BA14="aceptable"),"Qcorrecto","Qincorrecto")) -> Qcorrecto | AY14: =IF(AR14<$AH$6,"error",IF(AR14>$AH$6*1.1,"error","aceptable")) -> aceptable | AZ14: =IF(AF14<$V$6,"error",IF(AF14>$V$6*1.1,"error","aceptable")) -> aceptable | BA14: =IF(T14<$J$6*0.9,"error",IF(T14>$J$6,"error","aceptable")) -> aceptable | BB14: =(IF(ABS(U14)<1.05,"CONFORME",IF(ABS(AG14)<1.05,"CONFORME",IF(ABS(AS14)<2.55,"CONFORME","NO CONFORME")))) -> CONFORME | BC14: =(IF(ABS(U14)>2.05,"NO CONFORME",IF(ABS(AG14)>2.05,"NO CONFORME",IF(ABS(AS14)>5.05,"NO CONFORME","CONFORME")))) -> CONFORME | BD14: =SIGN(U14) -> -1 | BE14: =SIGN(AG14) -> -1 | BF14: =SIGN(AS14) -> -1 | BG14: =CONCATENATE(BD14,BE14,BF14) -> -1-1-1 | BH14: =IF(BG14="111","SI","SD") -> SD | BI14: =IF(BG14="-1-1-1","SI","SD") -> SI | BJ14: =OR(BH14="SI",BI14="SI") -> TRUE | BK14: =IF(BJ14=FALSE,"SIGDIFERENTES","SIGIGUALES") -> SIGIGUALES | BL14: =IF(BC14="NO CONFORME","NO CONFORME",IF(BB14="CONFORME","CONFORME","NO CONFORME")) -> CONFORME
A15: 7 | B15: =B14 -> 45920 | C15: =C14 -> 45920 | D15: =D14 -> 3 | E15: =E14 -> 8 | G15: PA25516871 | H15: =H14 -> 25.6 | I15: =I14 -> 0 | J15: =J14 -> 21 | K15: =K14 -> 8.49 | L15: =L14 -> 0.549 | M15: 205.17 | N15: 305.02 | O15: =O14 -> 100.69 | P15: =P14 -> 2,30,160 | Q15: =LEFT(P15,1) -> 2 | R15: =RIGHT(P15,6) -> 30,160 | S15: =+(Q15*60+R15)/(60*60) -> 0.041711111 | T15: =+O15/S15 -> 2413.9851 | U15: =+(((N15-M15-O15)/O15)*100) -> -0.83424372 | V15: =V14 -> 20.5 | W15: =W14 -> 1.102 | X15: =X14 -> 1.094 | Y15: 332.18 | Z15: 342.18 | AA15: =AA14 -> 10.01 | AB15: =AB14 -> 22,55,230 | AC15: =LEFT(AB15,2) -> 22 | AD15: =RIGHT(AB15,6) -> 55,230 | AE15: =+(AC15*60+AD15)/(60*60) -> 0.38200833 | AF15: =+AA15/AE15 -> 26.203617 | AG15: =+(((Z15-Y15-AA15)/AA15)*100) -> -0.0999001 | AH15: =AH14 -> 21 | AI15: =AI14 -> 1.098 | AJ15: =AJ14 -> 1.088 | AK15: =Z15 -> 342.18 | AL15: 347.21 | AM15: =AM14 -> 5.009 | AN15: =AN14 -> 18,15,540 | AO15: =LEFT(AN15,2) -> 18 | AP15: =RIGHT(AN15,6) -> 15,540 | AQ15: =+(AO15*60+AP15)/(60*60) -> 0.30431667 | AR15: =+AM15/AQ15 -> 16.459828 | AS15: =+(((AL15-AK15-AM15)/AM15)*100) -> 0.41924536 | AT15: =IF(I15>=1,"NO CONFORME",IF(BK15="SIGDIFERENTES",BC15,BL15)) -> CONFORME | AU15: =B15<=C15 -> TRUE | AV15: =N15<Y15 -> TRUE | AW15: =Z15<=AK15 -> TRUE | AX15: =IF(I15>=1,"Qcorrecto",IF(AND(AY15="aceptable",AZ15="aceptable",BA15="aceptable"),"Qcorrecto","Qincorrecto")) -> Qcorrecto | AY15: =IF(AR15<$AH$6,"error",IF(AR15>$AH$6*1.1,"error","aceptable")) -> aceptable | AZ15: =IF(AF15<$V$6,"error",IF(AF15>$V$6*1.1,"error","aceptable")) -> aceptable | BA15: =IF(T15<$J$6*0.9,"error",IF(T15>$J$6,"error","aceptable")) -> aceptable | BB15: =(IF(ABS(U15)<1.05,"CONFORME",IF(ABS(AG15)<1.05,"CONFORME",IF(ABS(AS15)<2.55,"CONFORME","NO CONFORME")))) -> CONFORME | BC15: =(IF(ABS(U15)>2.05,"NO CONFORME",IF(ABS(AG15)>2.05,"NO CONFORME",IF(ABS(AS15)>5.05,"NO CONFORME","CONFORME")))) -> CONFORME | BD15: =SIGN(U15) -> -1 | BE15: =SIGN(AG15) -> -1 | BF15: =SIGN(AS15) -> 1 | BG15: =CONCATENATE(BD15,BE15,BF15) -> -1-11 | BH15: =IF(BG15="111","SI","SD") -> SD | BI15: =IF(BG15="-1-1-1","SI","SD") -> SD | BJ15: =OR(BH15="SI",BI15="SI") -> FALSE | BK15: =IF(BJ15=FALSE,"SIGDIFERENTES","SIGIGUALES") -> SIGDIFERENTES | BL15: =IF(BC15="NO CONFORME","NO CONFORME",IF(BB15="CONFORME","CONFORME","NO CONFORME")) -> CONFORME
A16: 8 | B16: =B15 -> 45920 | C16: =C15 -> 45920 | D16: =D15 -> 3 | E16: =E15 -> 8 | G16: PA25516872 | H16: =H15 -> 25.6 | I16: =I15 -> 0 | J16: =J15 -> 21 | K16: =K15 -> 8.49 | L16: =L15 -> 0.549 | M16: 209.25 | N16: 309.78 | O16: =O15 -> 100.69 | P16: =P15 -> 2,30,160 | Q16: =LEFT(P16,1) -> 2 | R16: =RIGHT(P16,6) -> 30,160 | S16: =+(Q16*60+R16)/(60*60) -> 0.041711111 | T16: =+O16/S16 -> 2413.9851 | U16: =+(((N16-M16-O16)/O16)*100) -> -0.15890357 | V16: =V15 -> 20.5 | W16: =W15 -> 1.102 | X16: =X15 -> 1.094 | Y16: 336.96 | Z16: 347.03 | AA16: =AA15 -> 10.01 | AB16: =AB15 -> 22,55,230 | AC16: =LEFT(AB16,2) -> 22 | AD16: =RIGHT(AB16,6) -> 55,230 | AE16: =+(AC16*60+AD16)/(60*60) -> 0.38200833 | AF16: =+AA16/AE16 -> 26.203617 | AG16: =+(((Z16-Y16-AA16)/AA16)*100) -> 0.5994006 | AH16: =AH15 -> 21 | AI16: =AI15 -> 1.098 | AJ16: =AJ15 -> 1.088 | AK16: =Z16 -> 347.03 | AL16: 352.03 | AM16: =AM15 -> 5.009 | AN16: =AN15 -> 18,15,540 | AO16: =LEFT(AN16,2) -> 18 | AP16: =RIGHT(AN16,6) -> 15,540 | AQ16: =+(AO16*60+AP16)/(60*60) -> 0.30431667 | AR16: =+AM16/AQ16 -> 16.459828 | AS16: =+(((AL16-AK16-AM16)/AM16)*100) -> -0.17967658 | AT16: =IF(I16>=1,"NO CONFORME",IF(BK16="SIGDIFERENTES",BC16,BL16)) -> CONFORME | AU16: =B16<=C16 -> TRUE | AV16: =N16<Y16 -> TRUE | AW16: =Z16<=AK16 -> TRUE | AX16: =IF(I16>=1,"Qcorrecto",IF(AND(AY16="aceptable",AZ16="aceptable",BA16="aceptable"),"Qcorrecto","Qincorrecto")) -> Qcorrecto | AY16: =IF(AR16<$AH$6,"error",IF(AR16>$AH$6*1.1,"error","aceptable")) -> aceptable | AZ16: =IF(AF16<$V$6,"error",IF(AF16>$V$6*1.1,"error","aceptable")) -> aceptable | BA16: =IF(T16<$J$6*0.9,"error",IF(T16>$J$6,"error","aceptable")) -> aceptable | BB16: =(IF(ABS(U16)<1.05,"CONFORME",IF(ABS(AG16)<1.05,"CONFORME",IF(ABS(AS16)<2.55,"CONFORME","NO CONFORME")))) -> CONFORME | BC16: =(IF(ABS(U16)>2.05,"NO CONFORME",IF(ABS(AG16)>2.05,"NO CONFORME",IF(ABS(AS16)>5.05,"NO CONFORME","CONFORME")))) -> CONFORME | BD16: =SIGN(U16) -> -1 | BE16: =SIGN(AG16) -> 1 | BF16: =SIGN(AS16) -> -1 | BG16: =CONCATENATE(BD16,BE16,BF16) -> -11-1 | BH16: =IF(BG16="111","SI","SD") -> SD | BI16: =IF(BG16="-1-1-1","SI","SD") -> SD | BJ16: =OR(BH16="SI",BI16="SI") -> FALSE | BK16: =IF(BJ16=FALSE,"SIGDIFERENTES","SIGIGUALES") -> SIGDIFERENTES | BL16: =IF(BC16="NO CONFORME","NO CONFORME",IF(BB16="CONFORME","CONFORME","NO CONFORME")) -> CONFORME
A17: 9 | B17: =B16 -> 45920 | C17: =C16 -> 45920 | D17: =D16 -> 3 | E17: =E16 -> 8 | G17: PA25516873 | H17: =H16 -> 25.6 | I17: =I16 -> 0 | J17: =J16 -> 21 | K17: =K16 -> 8.49 | L17: =L16 -> 0.549 | M17: 209.35 | N17: 309.4 | O17: =O16 -> 100.69 | P17: =P16 -> 2,30,160 | Q17: =LEFT(P17,1) -> 2 | R17: =RIGHT(P17,6) -> 30,160 | S17: =+(Q17*60+R17)/(60*60) -> 0.041711111 | T17: =+O17/S17 -> 2413.9851 | U17: =+(((N17-M17-O17)/O17)*100) -> -0.63561426 | V17: =V16 -> 20.5 | W17: =W16 -> 1.102 | X17: =X16 -> 1.094 | Y17: 336.54 | Z17: 346.42 | AA17: =AA16 -> 10.01 | AB17: =AB16 -> 22,55,230 | AC17: =LEFT(AB17,2) -> 22 | AD17: =RIGHT(AB17,6) -> 55,230 | AE17: =+(AC17*60+AD17)/(60*60) -> 0.38200833 | AF17: =+AA17/AE17 -> 26.203617 | AG17: =+(((Z17-Y17-AA17)/AA17)*100) -> -1.2987013 | AH17: =AH16 -> 21 | AI17: =AI16 -> 1.098 | AJ17: =AJ16 -> 1.088 | AK17: =Z17 -> 346.42 | AL17: 351.35 | AM17: =AM16 -> 5.009 | AN17: =AN16 -> 18,15,540 | AO17: =LEFT(AN17,2) -> 18 | AP17: =RIGHT(AN17,6) -> 15,540 | AQ17: =+(AO17*60+AP17)/(60*60) -> 0.30431667 | AR17: =+AM17/AQ17 -> 16.459828 | AS17: =+(((AL17-AK17-AM17)/AM17)*100) -> -1.5771611 | AT17: =IF(I17>=1,"NO CONFORME",IF(BK17="SIGDIFERENTES",BC17,BL17)) -> CONFORME | AU17: =B17<=C17 -> TRUE | AV17: =N17<Y17 -> TRUE | AW17: =Z17<=AK17 -> TRUE | AX17: =IF(I17>=1,"Qcorrecto",IF(AND(AY17="aceptable",AZ17="aceptable",BA17="aceptable"),"Qcorrecto","Qincorrecto")) -> Qcorrecto | AY17: =IF(AR17<$AH$6,"error",IF(AR17>$AH$6*1.1,"error","aceptable")) -> aceptable | AZ17: =IF(AF17<$V$6,"error",IF(AF17>$V$6*1.1,"error","aceptable")) -> aceptable | BA17: =IF(T17<$J$6*0.9,"error",IF(T17>$J$6,"error","aceptable")) -> aceptable | BB17: =(IF(ABS(U17)<1.05,"CONFORME",IF(ABS(AG17)<1.05,"CONFORME",IF(ABS(AS17)<2.55,"CONFORME","NO CONFORME")))) -> CONFORME | BC17: =(IF(ABS(U17)>2.05,"NO CONFORME",IF(ABS(AG17)>2.05,"NO CONFORME",IF(ABS(AS17)>5.05,"NO CONFORME","CONFORME")))) -> CONFORME | BD17: =SIGN(U17) -> -1 | BE17: =SIGN(AG17) -> -1 | BF17: =SIGN(AS17) -> -1 | BG17: =CONCATENATE(BD17,BE17,BF17) -> -1-1-1 | BH17: =IF(BG17="111","SI","SD") -> SD | BI17: =IF(BG17="-1-1-1","SI","SD") -> SI | BJ17: =OR(BH17="SI",BI17="SI") -> TRUE | BK17: =IF(BJ17=FALSE,"SIGDIFERENTES","SIGIGUALES") -> SIGIGUALES | BL17: =IF(BC17="NO CONFORME","NO CONFORME",IF(BB17="CONFORME","CONFORME","NO CONFORME")) -> CONFORME
A18: 10 | B18: =B17 -> 45920 | C18: =C17 -> 45920 | D18: =D17 -> 3 | E18: =E17 -> 8 | G18: PA25516874 | H18: =H17 -> 25.6 | I18: =I17 -> 0 | J18: =J17 -> 21 | K18: =K17 -> 8.49 | L18: =L17 -> 0.549 | M18: 208.55 | N18: 308.29 | O18: =O17 -> 100.69 | P18: =P17 -> 2,30,160 | Q18: =LEFT(P18,1) -> 2 | R18: =RIGHT(P18,6) -> 30,160 | S18: =+(Q18*60+R18)/(60*60) -> 0.041711111 | T18: =+O18/S18 -> 2413.9851 | U18: =+(((N18-M18-O18)/O18)*100) -> -0.94348992 | V18: =V17 -> 20.5 | W18: =W17 -> 1.102 | X18: =X17 -> 1.094 | Y18: 335.35 | Z18: 345.28 | AA18: =AA17 -> 10.01 | AB18: =AB17 -> 22,55,230 | AC18: =LEFT(AB18,2) -> 22 | AD18: =RIGHT(AB18,6) -> 55,230 | AE18: =+(AC18*60+AD18)/(60*60) -> 0.38200833 | AF18: =+AA18/AE18 -> 26.203617 | AG18: =+(((Z18-Y18-AA18)/AA18)*100) -> -0.7992008 | AH18: =AH17 -> 21 | AI18: =AI17 -> 1.098 | AJ18: =AJ17 -> 1.088 | AK18: =Z18 -> 345.28 | AL18: 350.3 | AM18: =AM17 -> 5.009 | AN18: =AN17 -> 18,15,540 | AO18: =LEFT(AN18,2) -> 18 | AP18: =RIGHT(AN18,6) -> 15,540 | AQ18: =+(AO18*60+AP18)/(60*60) -> 0.30431667 | AR18: =+AM18/AQ18 -> 16.459828 | AS18: =+(((AL18-AK18-AM18)/AM18)*100) -> 0.21960471 | AT18: =IF(I18>=1,"NO CONFORME",IF(BK18="SIGDIFERENTES",BC18,BL18)) -> CONFORME | AU18: =B18<=C18 -> TRUE | AV18: =N18<Y18 -> TRUE | AW18: =Z18<=AK18 -> TRUE | AX18: =IF(I18>=1,"Qcorrecto",IF(AND(AY18="aceptable",AZ18="aceptable",BA18="aceptable"),"Qcorrecto","Qincorrecto")) -> Qcorrecto | AY18: =IF(AR18<$AH$6,"error",IF(AR18>$AH$6*1.1,"error","aceptable")) -> aceptable | AZ18: =IF(AF18<$V$6,"error",IF(AF18>$V$6*1.1,"error","aceptable")) -> aceptable | BA18: =IF(T18<$J$6*0.9,"error",IF(T18>$J$6,"error","aceptable")) -> aceptable | BB18: =(IF(ABS(U18)<1.05,"CONFORME",IF(ABS(AG18)<1.05,"CONFORME",IF(ABS(AS18)<2.55,"CONFORME","NO CONFORME")))) -> CONFORME | BC18: =(IF(ABS(U18)>2.05,"NO CONFORME",IF(ABS(AG18)>2.05,"NO CONFORME",IF(ABS(AS18)>5.05,"NO CONFORME","CONFORME")))) -> CONFORME | BD18: =SIGN(U18) -> -1 | BE18: =SIGN(AG18) -> -1 | BF18: =SIGN(AS18) -> 1 | BG18: =CONCATENATE(BD18,BE18,BF18) -> -1-11 | BH18: =IF(BG18="111","SI","SD") -> SD | BI18: =IF(BG18="-1-1-1","SI","SD") -> SD | BJ18: =OR(BH18="SI",BI18="SI") -> FALSE | BK18: =IF(BJ18=FALSE,"SIGDIFERENTES","SIGIGUALES") -> SIGDIFERENTES | BL18: =IF(BC18="NO CONFORME","NO CONFORME",IF(BB18="CONFORME","CONFORME","NO CONFORME")) -> CONFORME
A19: 11 | B19: =B18 -> 45920 | C19: =C18 -> 45920 | D19: =D18 -> 3 | E19: =E18 -> 8 | G19: PA25516875 | H19: =H18 -> 25.6 | I19: =I18 -> 0 | J19: =J18 -> 21 | K19: =K18 -> 8.49 | L19: =L18 -> 0.549 | M19: 208.27 | N19: 308.79 | O19: =O18 -> 100.69 | P19: =P18 -> 2,30,160 | Q19: =LEFT(P19,1) -> 2 | R19: =RIGHT(P19,6) -> 30,160 | S19: =+(Q19*60+R19)/(60*60) -> 0.041711111 | T19: =+O19/S19 -> 2413.9851 | U19: =+(((N19-M19-O19)/O19)*100) -> -0.16883504 | V19: =V18 -> 20.5 | W19: =W18 -> 1.102 | X19: =X18 -> 1.094 | Y19: 335.94 | Z19: 345.89 | AA19: =AA18 -> 10.01 | AB19: =AB18 -> 22,55,230 | AC19: =LEFT(AB19,2) -> 22 | AD19: =RIGHT(AB19,6) -> 55,230 | AE19: =+(AC19*60+AD19)/(60*60) -> 0.38200833 | AF19: =+AA19/AE19 -> 26.203617 | AG19: =+(((Z19-Y19-AA19)/AA19)*100) -> -0.5994006 | AH19: =AH18 -> 21 | AI19: =AI18 -> 1.098 | AJ19: =AJ18 -> 1.088 | AK19: =Z19 -> 345.89 | AL19: 350.88 | AM19: =AM18 -> 5.009 | AN19: =AN18 -> 18,15,540 | AO19: =LEFT(AN19,2) -> 18 | AP19: =RIGHT(AN19,6) -> 15,540 | AQ19: =+(AO19*60+AP19)/(60*60) -> 0.30431667 | AR19: =+AM19/AQ19 -> 16.459828 | AS19: =+(((AL19-AK19-AM19)/AM19)*100) -> -0.37931723 | AT19: =IF(I19>=1,"NO CONFORME",IF(BK19="SIGDIFERENTES",BC19,BL19)) -> CONFORME | AU19: =B19<=C19 -> TRUE | AV19: =N19<Y19 -> TRUE | AW19: =Z19<=AK19 -> TRUE | AX19: =IF(I19>=1,"Qcorrecto",IF(AND(AY19="aceptable",AZ19="aceptable",BA19="aceptable"),"Qcorrecto","Qincorrecto")) -> Qcorrecto | AY19: =IF(AR19<$AH$6,"error",IF(AR19>$AH$6*1.1,"error","aceptable")) -> aceptable | AZ19: =IF(AF19<$V$6,"error",IF(AF19>$V$6*1.1,"error","aceptable")) -> aceptable | BA19: =IF(T19<$J$6*0.9,"error",IF(T19>$J$6,"error","aceptable")) -> aceptable | BB19: =(IF(ABS(U19)<1.05,"CONFORME",IF(ABS(AG19)<1.05,"CONFORME",IF(ABS(AS19)<2.55,"CONFORME","NO CONFORME")))) -> CONFORME | BC19: =(IF(ABS(U19)>2.05,"NO CONFORME",IF(ABS(AG19)>2.05,"NO CONFORME",IF(ABS(AS19)>5.05,"NO CONFORME","CONFORME")))) -> CONFORME | BD19: =SIGN(U19) -> -1 | BE19: =SIGN(AG19) -> -1 | BF19: =SIGN(AS19) -> -1 | BG19: =CONCATENATE(BD19,BE19,BF19) -> -1-1-1 | BH19: =IF(BG19="111","SI","SD") -> SD | BI19: =IF(BG19="-1-1-1","SI","SD") -> SI | BJ19: =OR(BH19="SI",BI19="SI") -> TRUE | BK19: =IF(BJ19=FALSE,"SIGDIFERENTES","SIGIGUALES") -> SIGIGUALES | BL19: =IF(BC19="NO CONFORME","NO CONFORME",IF(BB19="CONFORME","CONFORME","NO CONFORME")) -> CONFORME
A20: 12 | B20: =B19 -> 45920 | C20: =C19 -> 45920 | D20: =D19 -> 3 | E20: =E19 -> 8 | G20: PA25516876 | H20: =H19 -> 25.6 | I20: =I19 -> 0 | J20: =J19 -> 21 | K20: =K19 -> 8.49 | L20: =L19 -> 0.549 | M20: 247.8 | N20: 347.95 | O20: =O19 -> 100.69 | P20: =P19 -> 2,30,160 | Q20: =LEFT(P20,1) -> 2 | R20: =RIGHT(P20,6) -> 30,160 | S20: =+(Q20*60+R20)/(60*60) -> 0.041711111 | T20: =+O20/S20 -> 2413.9851 | U20: =+(((N20-M20-O20)/O20)*100) -> -0.53629953 | V20: =V19 -> 20.5 | W20: =W19 -> 1.102 | X20: =X19 -> 1.094 | Y20: 375.03 | Z20: 384.95 | AA20: =AA19 -> 10.01 | AB20: =AB19 -> 22,55,230 | AC20: =LEFT(AB20,2) -> 22 | AD20: =RIGHT(AB20,6) -> 55,230 | AE20: =+(AC20*60+AD20)/(60*60) -> 0.38200833 | AF20: =+AA20/AE20 -> 26.203617 | AG20: =+(((Z20-Y20-AA20)/AA20)*100) -> -0.8991009 | AH20: =AH19 -> 21 | AI20: =AI19 -> 1.098 | AJ20: =AJ19 -> 1.088 | AK20: =Z20 -> 384.95 | AL20: 389.9 | AM20: =AM19 -> 5.009 | AN20: =AN19 -> 18,15,540 | AO20: =LEFT(AN20,2) -> 18 | AP20: =RIGHT(AN20,6) -> 15,540 | AQ20: =+(AO20*60+AP20)/(60*60) -> 0.30431667 | AR20: =+AM20/AQ20 -> 16.459828 | AS20: =+(((AL20-AK20-AM20)/AM20)*100) -> -1.1778798 | AT20: =IF(I20>=1,"NO CONFORME",IF(BK20="SIGDIFERENTES",BC20,BL20)) -> CONFORME | AU20: =B20<=C20 -> TRUE | AV20: =N20<Y20 -> TRUE | AW20: =Z20<=AK20 -> TRUE | AX20: =IF(I20>=1,"Qcorrecto",IF(AND(AY20="aceptable",AZ20="aceptable",BA20="aceptable"),"Qcorrecto","Qincorrecto")) -> Qcorrecto | AY20: =IF(AR20<$AH$6,"error",IF(AR20>$AH$6*1.1,"error","aceptable")) -> aceptable | AZ20: =IF(AF20<$V$6,"error",IF(AF20>$V$6*1.1,"error","aceptable")) -> aceptable | BA20: =IF(T20<$J$6*0.9,"error",IF(T20>$J$6,"error","aceptable")) -> aceptable | BB20: =(IF(ABS(U20)<1.05,"CONFORME",IF(ABS(AG20)<1.05,"CONFORME",IF(ABS(AS20)<2.55,"CONFORME","NO CONFORME")))) -> CONFORME | BC20: =(IF(ABS(U20)>2.05,"NO CONFORME",IF(ABS(AG20)>2.05,"NO CONFORME",IF(ABS(AS20)>5.05,"NO CONFORME","CONFORME")))) -> CONFORME | BD20: =SIGN(U20) -> -1 | BE20: =SIGN(AG20) -> -1 | BF20: =SIGN(AS20) -> -1 | BG20: =CONCATENATE(BD20,BE20,BF20) -> -1-1-1 | BH20: =IF(BG20="111","SI","SD") -> SD | BI20: =IF(BG20="-1-1-1","SI","SD") -> SI | BJ20: =OR(BH20="SI",BI20="SI") -> TRUE | BK20: =IF(BJ20=FALSE,"SIGDIFERENTES","SIGIGUALES") -> SIGIGUALES | BL20: =IF(BC20="NO CONFORME","NO CONFORME",IF(BB20="CONFORME","CONFORME","NO CONFORME")) -> CONFORME
A21: 13 | B21: =B20 -> 45920 | C21: =C20 -> 45920 | D21: =D20 -> 3 | E21: =E20 -> 8 | G21: PA25516877 | H21: =H20 -> 25.6 | I21: =I20 -> 0 | J21: =J20 -> 21 | K21: =K20 -> 8.49 | L21: =L20 -> 0.549 | M21: 248.29 | N21: 348.55 | O21: =O20 -> 100.69 | P21: =P20 -> 2,30,160 | Q21: =LEFT(P21,1) -> 2 | R21: =RIGHT(P21,6) -> 30,160 | S21: =+(Q21*60+R21)/(60*60) -> 0.041711111 | T21: =+O21/S21 -> 2413.9851 | U21: =+(((N21-M21-O21)/O21)*100) -> -0.42705333 | V21: =V20 -> 20.5 | W21: =W20 -> 1.102 | X21: =X20 -> 1.094 | Y21: 375.53 | Z21: 385.41 | AA21: =AA20 -> 10.01 | AB21: =AB20 -> 22,55,230 | AC21: =LEFT(AB21,2) -> 22 | AD21: =RIGHT(AB21,6) -> 55,230 | AE21: =+(AC21*60+AD21)/(60*60) -> 0.38200833 | AF21: =+AA21/AE21 -> 26.203617 | AG21: =+(((Z21-Y21-AA21)/AA21)*100) -> -1.2987013 | AH21: =AH20 -> 21 | AI21: =AI20 -> 1.098 | AJ21: =AJ20 -> 1.088 | AK21: =Z21 -> 385.41 | AL21: 390.37 | AM21: =AM20 -> 5.009 | AN21: =AN20 -> 18,15,540 | AO21: =LEFT(AN21,2) -> 18 | AP21: =RIGHT(AN21,6) -> 15,540 | AQ21: =+(AO21*60+AP21)/(60*60) -> 0.30431667 | AR21: =+AM21/AQ21 -> 16.459828 | AS21: =+(((AL21-AK21-AM21)/AM21)*100) -> -0.97823917 | AT21: =IF(I21>=1,"NO CONFORME",IF(BK21="SIGDIFERENTES",BC21,BL21)) -> CONFORME | AU21: =B21<=C21 -> TRUE | AV21: =N21<Y21 -> TRUE | AW21: =Z21<=AK21 -> TRUE | AX21: =IF(I21>=1,"Qcorrecto",IF(AND(AY21="aceptable",AZ21="aceptable",BA21="aceptable"),"Qcorrecto","Qincorrecto")) -> Qcorrecto | AY21: =IF(AR21<$AH$6,"error",IF(AR21>$AH$6*1.1,"error","aceptable")) -> aceptable | AZ21: =IF(AF21<$V$6,"error",IF(AF21>$V$6*1.1,"error","aceptable")) -> aceptable | BA21: =IF(T21<$J$6*0.9,"error",IF(T21>$J$6,"error","aceptable")) -> aceptable | BB21: =(IF(ABS(U21)<1.05,"CONFORME",IF(ABS(AG21)<1.05,"CONFORME",IF(ABS(AS21)<2.55,"CONFORME","NO CONFORME")))) -> CONFORME | BC21: =(IF(ABS(U21)>2.05,"NO CONFORME",IF(ABS(AG21)>2.05,"NO CONFORME",IF(ABS(AS21)>5.05,"NO CONFORME","CONFORME")))) -> CONFORME | BD21: =SIGN(U21) -> -1 | BE21: =SIGN(AG21) -> -1 | BF21: =SIGN(AS21) -> -1 | BG21: =CONCATENATE(BD21,BE21,BF21) -> -1-1-1 | BH21: =IF(BG21="111","SI","SD") -> SD | BI21: =IF(BG21="-1-1-1","SI","SD") -> SI | BJ21: =OR(BH21="SI",BI21="SI") -> TRUE | BK21: =IF(BJ21=FALSE,"SIGDIFERENTES","SIGIGUALES") -> SIGIGUALES | BL21: =IF(BC21="NO CONFORME","NO CONFORME",IF(BB21="CONFORME","CONFORME","NO CONFORME")) -> CONFORME
... A24: 16 | B24: =B23 -> 45920 | C24: =C23 -> 45920 | D24: =D23 -> 3 | E24: =E23 -> 8 | G24: PA25516880 | H24: =H23 -> 25.6 | I24: =I23 -> 0 | J24: =J23 -> 21 | K24: =K23 -> 8.49 | L24: =L23 -> 0.549 | M24: 206.75 | N24: 306.42 | O24: =O23 -> 100.69 | P24: =P23 -> 2,30,160 | Q24: =LEFT(P24,1) -> 2 | R24: =RIGHT(P24,6) -> 30,160 | S24: =+(Q24*60+R24)/(60*60) -> 0.041711111 | T24: =+O24/S24 -> 2413.9851 | U24: =+(((N24-M24-O24)/O24)*100) -> -1.0130102 | V24: =V23 -> 20.5 | W24: =W23 -> 1.102 | X24: =X23 -> 1.094 | Y24: 333.48 | Z24: 343.43 | AA24: =AA23 -> 10.01 | AB24: =AB23 -> 22,55,230 | AC24: =LEFT(AB24,2) -> 22 | AD24: =RIGHT(AB24,6) -> 55,230 | AE24: =+(AC24*60+AD24)/(60*60) -> 0.38200833 | AF24: =+AA24/AE24 -> 26.203617 | AG24: =+(((Z24-Y24-AA24)/AA24)*100) -> -0.5994006 | AH24: =AH23 -> 21 | AI24: =AI23 -> 1.098 | AJ24: =AJ23 -> 1.088 | AK24: =Z24 -> 343.43 | AL24: 348.44 | AM24: =AM23 -> 5.009 | AN24: =AN23 -> 18,15,540 | AO24: =LEFT(AN24,2) -> 18 | AP24: =RIGHT(AN24,6) -> 15,540 | AQ24: =+(AO24*60+AP24)/(60*60) -> 0.30431667 | AR24: =+AM24/AQ24 -> 16.459828 | AS24: =+(((AL24-AK24-AM24)/AM24)*100) -> 0.019964065 | AT24: =IF(I24>=1,"NO CONFORME",IF(BK24="SIGDIFERENTES",BC24,BL24)) -> CONFORME | AU24: =B24<=C24 -> TRUE | AV24: =N24<Y24 -> TRUE | AW24: =Z24<=AK24 -> TRUE | AX24: =IF(I24>=1,"Qcorrecto",IF(AND(AY24="aceptable",AZ24="aceptable",BA24="aceptable"),"Qcorrecto","Qincorrecto")) -> Qcorrecto | AY24: =IF(AR24<$AH$6,"error",IF(AR24>$AH$6*1.1,"error","aceptable")) -> aceptable | AZ24: =IF(AF24<$V$6,"error",IF(AF24>$V$6*1.1,"error","aceptable")) -> aceptable | BA24: =IF(T24<$J$6*0.9,"error",IF(T24>$J$6,"error","aceptable")) -> aceptable | BB24: =(IF(ABS(U24)<1.05,"CONFORME",IF(ABS(AG24)<1.05,"CONFORME",IF(ABS(AS24)<2.55,"CONFORME","NO CONFORME")))) -> CONFORME | BC24: =(IF(ABS(U24)>2.05,"NO CONFORME",IF(ABS(AG24)>2.05,"NO CONFORME",IF(ABS(AS24)>5.05,"NO CONFORME","CONFORME")))) -> CONFORME | BD24: =SIGN(U24) -> -1 | BE24: =SIGN(AG24) -> -1 | BF24: =SIGN(AS24) -> 1 | BG24: =CONCATENATE(BD24,BE24,BF24) -> -1-11 | BH24: =IF(BG24="111","SI","SD") -> SD | BI24: =IF(BG24="-1-1-1","SI","SD") -> SD | BJ24: =OR(BH24="SI",BI24="SI") -> FALSE | BK24: =IF(BJ24=FALSE,"SIGDIFERENTES","SIGIGUALES") -> SIGDIFERENTES | BL24: =IF(BC24="NO CONFORME","NO CONFORME",IF(BB24="CONFORME","CONFORME","NO CONFORME")) -> CONFORME
A25: 17 | B25: =B24 -> 45920 | C25: =C24 -> 45920 | D25: =D24 -> 3 | E25: =E24 -> 8 | G25: PA25516881 | H25: =H24 -> 25.6 | I25: =I24 -> 0 | J25: 20.5 | K25: 8.487 | L25: 0.592 | M25: 100.7 | N25: 199.56 | O25: 100.31 | P25: 2,30,140 | Q25: =LEFT(P25,1) -> 2 | R25: =RIGHT(P25,6) -> 30,140 | S25: =+(Q25*60+R25)/(60*60) -> 0.041705556 | T25: =+O25/S25 -> 2405.1952 | U25: =+(((N25-M25-O25)/O25)*100) -> -1.4455189 | V25: 20.7 | W25: 1.095 | X25: 1.086 | Y25: 224.84 | Z25: 234.76 | AA25: 10.008 | AB25: 22,32,060 | AC25: =LEFT(AB25,2) -> 22 | AD25: =RIGHT(AB25,6) -> 32,060 | AE25: =+(AC25*60+AD25)/(60*60) -> 0.37557222 | AF25: =+AA25/AE25 -> 26.647338 | AG25: =+(((Z25-Y25-AA25)/AA25)*100) -> -0.87929656 | AH25: 21.3 | AI25: 1.096 | AJ25: 1.087 | AK25: =Z25 -> 234.76 | AL25: 239.72 | AM25: 5.005 | AN25: 18,09,850 | AO25: =LEFT(AN25,2) -> 18 | AP25: =RIGHT(AN25,6) -> 09,850 | AQ25: =+(AO25*60+AP25)/(60*60) -> 0.30273611 | AR25: =+AM25/AQ25 -> 16.53255 | AS25: =+(((AL25-AK25-AM25)/AM25)*100) -> -0.8991009 | AT25: =IF(I25>=1,"NO CONFORME",IF(BK25="SIGDIFERENTES",BC25,BL25)) -> CONFORME | AU25: =B25<=C25 -> TRUE | AV25: =N25<Y25 -> TRUE | AW25: =Z25<=AK25 -> TRUE | AX25: =IF(I25>=1,"Qcorrecto",IF(AND(AY25="aceptable",AZ25="aceptable",BA25="aceptable"),"Qcorrecto","Qincorrecto")) -> Qcorrecto | AY25: =IF(AR25<$AH$6,"error",IF(AR25>$AH$6*1.1,"error","aceptable")) -> aceptable | AZ25: =IF(AF25<$V$6,"error",IF(AF25>$V$6*1.1,"error","aceptable")) -> aceptable | BA25: =IF(T25<$J$6*0.9,"error",IF(T25>$J$6,"error","aceptable")) -> aceptable | BB25: =(IF(ABS(U25)<1.05,"CONFORME",IF(ABS(AG25)<1.05,"CONFORME",IF(ABS(AS25)<2.55,"CONFORME","NO CONFORME")))) -> CONFORME | BC25: =(IF(ABS(U25)>2.05,"NO CONFORME",IF(ABS(AG25)>2.05,"NO CONFORME",IF(ABS(AS25)>5.05,"NO CONFORME","CONFORME")))) -> CONFORME | BD25: =SIGN(U25) -> -1 | BE25: =SIGN(AG25) -> -1 | BF25: =SIGN(AS25) -> -1 | BG25: =CONCATENATE(BD25,BE25,BF25) -> -1-1-1 | BH25: =IF(BG25="111","SI","SD") -> SD | BI25: =IF(BG25="-1-1-1","SI","SD") -> SI | BJ25: =OR(BH25="SI",BI25="SI") -> TRUE | BK25: =IF(BJ25=FALSE,"SIGDIFERENTES","SIGIGUALES") -> SIGIGUALES | BL25: =IF(BC25="NO CONFORME","NO CONFORME",IF(BB25="CONFORME","CONFORME","NO CONFORME")) -> CONFORME
A26: 18 | B26: =B25 -> 45920 | C26: =C25 -> 45920 | D26: =D25 -> 3 | E26: =E25 -> 8 | G26: PA25516882 | H26: =H25 -> 25.6 | I26: =I25 -> 0 | J26: =J25 -> 20.5 | K26: =K25 -> 8.487 | L26: =L25 -> 0.592 | M26: 141.29 | N26: 240.55 | O26: =O25 -> 100.31 | P26: =P25 -> 2,30,140 | Q26: =LEFT(P26,1) -> 2 | R26: =RIGHT(P26,6) -> 30,140 | S26: =+(Q26*60+R26)/(60*60) -> 0.041705556 | T26: =+O26/S26 -> 2405.1952 | U26: =+(((N26-M26-O26)/O26)*100) -> -1.0467551 | V26: =V25 -> 20.7 | W26: =W25 -> 1.095 | X26: =X25 -> 1.086 | Y26: 265.99 | Z26: 275.99 | AA26: =AA25 -> 10.008 | AB26: =AB25 -> 22,32,060 | AC26: =LEFT(AB26,2) -> 22 | AD26: =RIGHT(AB26,6) -> 32,060 | AE26: =+(AC26*60+AD26)/(60*60) -> 0.37557222 | AF26: =+AA26/AE26 -> 26.647338 | AG26: =+(((Z26-Y26-AA26)/AA26)*100) -> -0.079936051 | AH26: =AH25 -> 21.3 | AI26: =AI25 -> 1.096 | AJ26: =AJ25 -> 1.087 | AK26: =Z26 -> 275.99 | AL26: 281.02 | AM26: =AM25 -> 5.005 | AN26: =AN25 -> 18,09,850 | AO26: =LEFT(AN26,2) -> 18 | AP26: =RIGHT(AN26,6) -> 09,850 | AQ26: =+(AO26*60+AP26)/(60*60) -> 0.30273611 | AR26: =+AM26/AQ26 -> 16.53255 | AS26: =+(((AL26-AK26-AM26)/AM26)*100) -> 0.4995005 | AT26: =IF(I26>=1,"NO CONFORME",IF(BK26="SIGDIFERENTES",BC26,BL26)) -> CONFORME | AU26: =B26<=C26 -> TRUE | AV26: =N26<Y26 -> TRUE | AW26: =Z26<=AK26 -> TRUE | AX26: =IF(I26>=1,"Qcorrecto",IF(AND(AY26="aceptable",AZ26="aceptable",BA26="aceptable"),"Qcorrecto","Qincorrecto")) -> Qcorrecto | AY26: =IF(AR26<$AH$6,"error",IF(AR26>$AH$6*1.1,"error","aceptable")) -> aceptable | AZ26: =IF(AF26<$V$6,"error",IF(AF26>$V$6*1.1,"error","aceptable")) -> aceptable | BA26: =IF(T26<$J$6*0.9,"error",IF(T26>$J$6,"error","aceptable")) -> aceptable | BB26: =(IF(ABS(U26)<1.05,"CONFORME",IF(ABS(AG26)<1.05,"CONFORME",IF(ABS(AS26)<2.55,"CONFORME","NO CONFORME")))) -> CONFORME | BC26: =(IF(ABS(U26)>2.05,"NO CONFORME",IF(ABS(AG26)>2.05,"NO CONFORME",IF(ABS(AS26)>5.05,"NO CONFORME","CONFORME")))) -> CONFORME | BD26: =SIGN(U26) -> -1 | BE26: =SIGN(AG26) -> -1 | BF26: =SIGN(AS26) -> 1 | BG26: =CONCATENATE(BD26,BE26,BF26) -> -1-11 | BH26: =IF(BG26="111","SI","SD") -> SD | BI26: =IF(BG26="-1-1-1","SI","SD") -> SD | BJ26: =OR(BH26="SI",BI26="SI") -> FALSE | BK26: =IF(BJ26=FALSE,"SIGDIFERENTES","SIGIGUALES") -> SIGDIFERENTES | BL26: =IF(BC26="NO CONFORME","NO CONFORME",IF(BB26="CONFORME","CONFORME","NO CONFORME")) -> CONFORME
A27: 19 | B27: =B26 -> 45920 | C27: =C26 -> 45920 | D27: =D26 -> 3 | E27: =E26 -> 8 | G27: PA25516883 | H27: =H26 -> 25.6 | I27: =I26 -> 0 | J27: =J26 -> 20.5 | K27: =K26 -> 8.487 | L27: =L26 -> 0.592 | M27: 103.19 | N27: 202.51 | O27: =O26 -> 100.31 | P27: =P26 -> 2,30,140 | Q27: =LEFT(P27,1) -> 2 | R27: =RIGHT(P27,6) -> 30,140 | S27: =+(Q27*60+R27)/(60*60) -> 0.041705556 | T27: =+O27/S27 -> 2405.1952 | U27: =+(((N27-M27-O27)/O27)*100) -> -0.98694048 | V27: =V26 -> 20.7 | W27: =W26 -> 1.095 | X27: =X26 -> 1.086 | Y27: 227.95 | Z27: 237.9 | AA27: =AA26 -> 10.008 | AB27: =AB26 -> 22,32,060 | AC27: =LEFT(AB27,2) -> 22 | AD27: =RIGHT(AB27,6) -> 32,060 | AE27: =+(AC27*60+AD27)/(60*60) -> 0.37557222 | AF27: =+AA27/AE27 -> 26.647338 | AG27: =+(((Z27-Y27-AA27)/AA27)*100) -> -0.57953637 | AH27: =AH26 -> 21.3 | AI27: =AI26 -> 1.096 | AJ27: =AJ26 -> 1.087 | AK27: =Z27 -> 237.9 | AL27: 242.94 | AM27: =AM26 -> 5.005 | AN27: =AN26 -> 18,09,850 | AO27: =LEFT(AN27,2) -> 18 | AP27: =RIGHT(AN27,6) -> 09,850 | AQ27: =+(AO27*60+AP27)/(60*60) -> 0.30273611 | AR27: =+AM27/AQ27 -> 16.53255 | AS27: =+(((AL27-AK27-AM27)/AM27)*100) -> 0.6993007 | AT27: =IF(I27>=1,"NO CONFORME",IF(BK27="SIGDIFERENTES",BC27,BL27)) -> CONFORME | AU27: =B27<=C27 -> TRUE | AV27: =N27<Y27 -> TRUE | AW27: =Z27<=AK27 -> TRUE | AX27: =IF(I27>=1,"Qcorrecto",IF(AND(AY27="aceptable",AZ27="aceptable",BA27="aceptable"),"Qcorrecto","Qincorrecto")) -> Qcorrecto | AY27: =IF(AR27<$AH$6,"error",IF(AR27>$AH$6*1.1,"error","aceptable")) -> aceptable | AZ27: =IF(AF27<$V$6,"error",IF(AF27>$V$6*1.1,"error","aceptable")) -> aceptable | BA27: =IF(T27<$J$6*0.9,"error",IF(T27>$J$6,"error","aceptable")) -> aceptable | BB27: =(IF(ABS(U27)<1.05,"CONFORME",IF(ABS(AG27)<1.05,"CONFORME",IF(ABS(AS27)<2.55,"CONFORME","NO CONFORME")))) -> CONFORME | BC27: =(IF(ABS(U27)>2.05,"NO CONFORME",IF(ABS(AG27)>2.05,"NO CONFORME",IF(ABS(AS27)>5.05,"NO CONFORME","CONFORME")))) -> CONFORME | BD27: =SIGN(U27) -> -1 | BE27: =SIGN(AG27) -> -1 | BF27: =SIGN(AS27) -> 1 | BG27: =CONCATENATE(BD27,BE27,BF27) -> -1-11 | BH27: =IF(BG27="111","SI","SD") -> SD | BI27: =IF(BG27="-1-1-1","SI","SD") -> SD | BJ27: =OR(BH27="SI",BI27="SI") -> FALSE | BK27: =IF(BJ27=FALSE,"SIGDIFERENTES","SIGIGUALES") -> SIGDIFERENTES | BL27: =IF(BC27="NO CONFORME","NO CONFORME",IF(BB27="CONFORME","CONFORME","NO CONFORME")) -> CONFORME
A28: 20 | B28: =B27 -> 45920 | C28: =C27 -> 45920 | D28: =D27 -> 3 | E28: =E27 -> 8 | G28: PA25516884 | H28: =H27 -> 25.6 | I28: =I27 -> 0 | J28: =J27 -> 20.5 | K28: =K27 -> 8.487 | L28: =L27 -> 0.592 | M28: 140.7 | N28: 240.36 | O28: =O27 -> 100.31 | P28: =P27 -> 2,30,140 | Q28: =LEFT(P28,1) -> 2 | R28: =RIGHT(P28,6) -> 30,140 | S28: =+(Q28*60+R28)/(60*60) -> 0.041705556 | T28: =+O28/S28 -> 2405.1952 | U28: =+(((N28-M28-O28)/O28)*100) -> -0.64799123 | V28: =V27 -> 20.7 | W28: =W27 -> 1.095 | X28: =X27 -> 1.086 | Y28: 265.75 | Z28: 275.69 | AA28: =AA27 -> 10.008 | AB28: =AB27 -> 22,32,060 | AC28: =LEFT(AB28,2) -> 22 | AD28: =RIGHT(AB28,6) -> 32,060 | AE28: =+(AC28*60+AD28)/(60*60) -> 0.37557222 | AF28: =+AA28/AE28 -> 26.647338 | AG28: =+(((Z28-Y28-AA28)/AA28)*100) -> -0.67945643 | AH28: =AH27 -> 21.3 | AI28: =AI27 -> 1.096 | AJ28: =AJ27 -> 1.087 | AK28: =Z28 -> 275.69 | AL28: 280.68 | AM28: =AM27 -> 5.005 | AN28: =AN27 -> 18,09,850 | AO28: =LEFT(AN28,2) -> 18 | AP28: =RIGHT(AN28,6) -> 09,850 | AQ28: =+(AO28*60+AP28)/(60*60) -> 0.30273611 | AR28: =+AM28/AQ28 -> 16.53255 | AS28: =+(((AL28-AK28-AM28)/AM28)*100) -> -0.2997003 | AT28: =IF(I28>=1,"NO CONFORME",IF(BK28="SIGDIFERENTES",BC28,BL28)) -> CONFORME | AU28: =B28<=C28 -> TRUE | AV28: =N28<Y28 -> TRUE | AW28: =Z28<=AK28 -> TRUE | AX28: =IF(I28>=1,"Qcorrecto",IF(AND(AY28="aceptable",AZ28="aceptable",BA28="aceptable"),"Qcorrecto","Qincorrecto")) -> Qcorrecto | AY28: =IF(AR28<$AH$6,"error",IF(AR28>$AH$6*1.1,"error","aceptable")) -> aceptable | AZ28: =IF(AF28<$V$6,"error",IF(AF28>$V$6*1.1,"error","aceptable")) -> aceptable | BA28: =IF(T28<$J$6*0.9,"error",IF(T28>$J$6,"error","aceptable")) -> aceptable | BB28: =(IF(ABS(U28)<1.05,"CONFORME",IF(ABS(AG28)<1.05,"CONFORME",IF(ABS(AS28)<2.55,"CONFORME","NO CONFORME")))) -> CONFORME | BC28: =(IF(ABS(U28)>2.05,"NO CONFORME",IF(ABS(AG28)>2.05,"NO CONFORME",IF(ABS(AS28)>5.05,"NO CONFORME","CONFORME")))) -> CONFORME | BD28: =SIGN(U28) -> -1 | BE28: =SIGN(AG28) -> -1 | BF28: =SIGN(AS28) -> -1 | BG28: =CONCATENATE(BD28,BE28,BF28) -> -1-1-1 | BH28: =IF(BG28="111","SI","SD") -> SD | BI28: =IF(BG28="-1-1-1","SI","SD") -> SI | BJ28: =OR(BH28="SI",BI28="SI") -> TRUE | BK28: =IF(BJ28=FALSE,"SIGDIFERENTES","SIGIGUALES") -> SIGIGUALES | BL28: =IF(BC28="NO CONFORME","NO CONFORME",IF(BB28="CONFORME","CONFORME","NO CONFORME")) -> CONFORME
A29: 21 | B29: =B28 -> 45920 | C29: =C28 -> 45920 | D29: =D28 -> 3 | E29: =E28 -> 8 | G29: PA25516885 | H29: =H28 -> 25.6 | I29: =I28 -> 0 | J29: =J28 -> 20.5 | K29: =K28 -> 8.487 | L29: =L28 -> 0.592 | M29: 102.85 | N29: 202.66 | O29: =O28 -> 100.31 | P29: =P28 -> 2,30,140 | Q29: =LEFT(P29,1) -> 2 | R29: =RIGHT(P29,6) -> 30,140 | S29: =+(Q29*60+R29)/(60*60) -> 0.041705556 | T29: =+O29/S29 -> 2405.1952 | U29: =+(((N29-M29-O29)/O29)*100) -> -0.49845479 | V29: =V28 -> 20.7 | W29: =W28 -> 1.095 | X29: =X28 -> 1.086 | Y29: 228.26 | Z29: 238.27 | AA29: =AA28 -> 10.008 | AB29: =AB28 -> 22,32,060 | AC29: =LEFT(AB29,2) -> 22 | AD29: =RIGHT(AB29,6) -> 32,060 | AE29: =+(AC29*60+AD29)/(60*60) -> 0.37557222 | AF29: =+AA29/AE29 -> 26.647338 | AG29: =+(((Z29-Y29-AA29)/AA29)*100) -> 0.019984013 | AH29: =AH28 -> 21.3 | AI29: =AI28 -> 1.096 | AJ29: =AJ28 -> 1.087 | AK29: =Z29 -> 238.27 | AL29: 243.29 | AM29: =AM28 -> 5.005 | AN29: =AN28 -> 18,09,850 | AO29: =LEFT(AN29,2) -> 18 | AP29: =RIGHT(AN29,6) -> 09,850 | AQ29: =+(AO29*60+AP29)/(60*60) -> 0.30273611 | AR29: =+AM29/AQ29 -> 16.53255 | AS29: =+(((AL29-AK29-AM29)/AM29)*100) -> 0.2997003 | AT29: =IF(I29>=1,"NO CONFORME",IF(BK29="SIGDIFERENTES",BC29,BL29)) -> CONFORME | AU29: =B29<=C29 -> TRUE | AV29: =N29<Y29 -> TRUE | AW29: =Z29<=AK29 -> TRUE | AX29: =IF(I29>=1,"Qcorrecto",IF(AND(AY29="aceptable",AZ29="aceptable",BA29="aceptable"),"Qcorrecto","Qincorrecto")) -> Qcorrecto | AY29: =IF(AR29<$AH$6,"error",IF(AR29>$AH$6*1.1,"error","aceptable")) -> aceptable | AZ29: =IF(AF29<$V$6,"error",IF(AF29>$V$6*1.1,"error","aceptable")) -> aceptable | BA29: =IF(T29<$J$6*0.9,"error",IF(T29>$J$6,"error","aceptable")) -> aceptable | BB29: =(IF(ABS(U29)<1.05,"CONFORME",IF(ABS(AG29)<1.05,"CONFORME",IF(ABS(AS29)<2.55,"CONFORME","NO CONFORME")))) -> CONFORME | BC29: =(IF(ABS(U29)>2.05,"NO CONFORME",IF(ABS(AG29)>2.05,"NO CONFORME",IF(ABS(AS29)>5.05,"NO CONFORME","CONFORME")))) -> CONFORME | BD29: =SIGN(U29) -> -1 | BE29: =SIGN(AG29) -> 1 | BF29: =SIGN(AS29) -> 1 | BG29: =CONCATENATE(BD29,BE29,BF29) -> -111 | BH29: =IF(BG29="111","SI","SD") -> SD | BI29: =IF(BG29="-1-1-1","SI","SD") -> SD | BJ29: =OR(BH29="SI",BI29="SI") -> FALSE | BK29: =IF(BJ29=FALSE,"SIGDIFERENTES","SIGIGUALES") -> SIGDIFERENTES | BL29: =IF(BC29="NO CONFORME","NO CONFORME",IF(BB29="CONFORME","CONFORME","NO CONFORME")) -> CONFORME
A30: 22 | B30: =B29 -> 45920 | C30: =C29 -> 45920 | D30: =D29 -> 3 | E30: =E29 -> 8 | G30: PA25516886 | H30: =H29 -> 25.6 | I30: =I29 -> 0 | J30: =J29 -> 20.5 | K30: =K29 -> 8.487 | L30: =L29 -> 0.592 | M30: 103.05 | N30: 203.68 | O30: =O29 -> 100.31 | P30: =P29 -> 2,30,140 | Q30: =LEFT(P30,1) -> 2 | R30: =RIGHT(P30,6) -> 30,140 | S30: =+(Q30*60+R30)/(60*60) -> 0.041705556 | T30: =+O30/S30 -> 2405.1952 | U30: =+(((N30-M30-O30)/O30)*100) -> 0.31901107 | V30: =V29 -> 20.7 | W30: =W29 -> 1.095 | X30: =X29 -> 1.086 | Y30: 229.3 | Z30: 239.33 | AA30: =AA29 -> 10.008 | AB30: =AB29 -> 22,32,060 | AC30: =LEFT(AB30,2) -> 22 | AD30: =RIGHT(AB30,6) -> 32,060 | AE30: =+(AC30*60+AD30)/(60*60) -> 0.37557222 | AF30: =+AA30/AE30 -> 26.647338 | AG30: =+(((Z30-Y30-AA30)/AA30)*100) -> 0.21982414 | AH30: =AH29 -> 21.3 | AI30: =AI29 -> 1.096 | AJ30: =AJ29 -> 1.087 | AK30: =Z30 -> 239.33 | AL30: 244.39 | AM30: =AM29 -> 5.005 | AN30: =AN29 -> 18,09,850 | AO30: =LEFT(AN30,2) -> 18 | AP30: =RIGHT(AN30,6) -> 09,850 | AQ30: =+(AO30*60+AP30)/(60*60) -> 0.30273611 | AR30: =+AM30/AQ30 -> 16.53255 | AS30: =+(((AL30-AK30-AM30)/AM30)*100) -> 1.0989011 | AT30: =IF(I30>=1,"NO CONFORME",IF(BK30="SIGDIFERENTES",BC30,BL30)) -> CONFORME | AU30: =B30<=C30 -> TRUE | AV30: =N30<Y30 -> TRUE | AW30: =Z30<=AK30 -> TRUE | AX30: =IF(I30>=1,"Qcorrecto",IF(AND(AY30="aceptable",AZ30="aceptable",BA30="aceptable"),"Qcorrecto","Qincorrecto")) -> Qcorrecto | AY30: =IF(AR30<$AH$6,"error",IF(AR30>$AH$6*1.1,"error","aceptable")) -> aceptable | AZ30: =IF(AF30<$V$6,"error",IF(AF30>$V$6*1.1,"error","aceptable")) -> aceptable | BA30: =IF(T30<$J$6*0.9,"error",IF(T30>$J$6,"error","aceptable")) -> aceptable | BB30: =(IF(ABS(U30)<1.05,"CONFORME",IF(ABS(AG30)<1.05,"CONFORME",IF(ABS(AS30)<2.55,"CONFORME","NO CONFORME")))) -> CONFORME | BC30: =(IF(ABS(U30)>2.05,"NO CONFORME",IF(ABS(AG30)>2.05,"NO CONFORME",IF(ABS(AS30)>5.05,"NO CONFORME","CONFORME")))) -> CONFORME | BD30: =SIGN(U30) -> 1 | BE30: =SIGN(AG30) -> 1 | BF30: =SIGN(AS30) -> 1 | BG30: =CONCATENATE(BD30,BE30,BF30) -> 111 | BH30: =IF(BG30="111","SI","SD") -> SI | BI30: =IF(BG30="-1-1-1","SI","SD") -> SD | BJ30: =OR(BH30="SI",BI30="SI") -> TRUE | BK30: =IF(BJ30=FALSE,"SIGDIFERENTES","SIGIGUALES") -> SIGIGUALES | BL30: =IF(BC30="NO CONFORME","NO CONFORME",IF(BB30="CONFORME","CONFORME","NO CONFORME")) -> CONFORME
A31: 23 | B31: =B30 -> 45920 | C31: =C30 -> 45920 | D31: =D30 -> 3 | E31: =E30 -> 8 | G31: PA25516887 | H31: =H30 -> 25.6 | I31: =I30 -> 0 | J31: =J30 -> 20.5 | K31: =K30 -> 8.487 | L31: =L30 -> 0.592 | M31: 101.11 | N31: 200.56 | O31: =O30 -> 100.31 | P31: =P30 -> 2,30,140 | Q31: =LEFT(P31,1) -> 2 | R31: =RIGHT(P31,6) -> 30,140 | S31: =+(Q31*60+R31)/(60*60) -> 0.041705556 | T31: =+O31/S31 -> 2405.1952 | U31: =+(((N31-M31-O31)/O31)*100) -> -0.85734224 | V31: =V30 -> 20.7 | W31: =W30 -> 1.095 | X31: =X30 -> 1.086 | Y31: 225.98 | Z31: 235.94 | AA31: =AA30 -> 10.008 | AB31: =AB30 -> 22,32,060 | AC31: =LEFT(AB31,2) -> 22 | AD31: =RIGHT(AB31,6) -> 32,060 | AE31: =+(AC31*60+AD31)/(60*60) -> 0.37557222 | AF31: =+AA31/AE31 -> 26.647338 | AG31: =+(((Z31-Y31-AA31)/AA31)*100) -> -0.47961631 | AH31: =AH30 -> 21.3 | AI31: =AI30 -> 1.096 | AJ31: =AJ30 -> 1.087 | AK31: =Z31 -> 235.94 | AL31: 240.97 | AM31: =AM30 -> 5.005 | AN31: =AN30 -> 18,09,850 | AO31: =LEFT(AN31,2) -> 18 | AP31: =RIGHT(AN31,6) -> 09,850 | AQ31: =+(AO31*60+AP31)/(60*60) -> 0.30273611 | AR31: =+AM31/AQ31 -> 16.53255 | AS31: =+(((AL31-AK31-AM31)/AM31)*100) -> 0.4995005 | AT31: =IF(I31>=1,"NO CONFORME",IF(BK31="SIGDIFERENTES",BC31,BL31)) -> CONFORME | AU31: =B31<=C31 -> TRUE | AV31: =N31<Y31 -> TRUE | AW31: =Z31<=AK31 -> TRUE | AX31: =IF(I31>=1,"Qcorrecto",IF(AND(AY31="aceptable",AZ31="aceptable",BA31="aceptable"),"Qcorrecto","Qincorrecto")) -> Qcorrecto | AY31: =IF(AR31<$AH$6,"error",IF(AR31>$AH$6*1.1,"error","aceptable")) -> aceptable | AZ31: =IF(AF31<$V$6,"error",IF(AF31>$V$6*1.1,"error","aceptable")) -> aceptable | BA31: =IF(T31<$J$6*0.9,"error",IF(T31>$J$6,"error","aceptable")) -> aceptable | BB31: =(IF(ABS(U31)<1.05,"CONFORME",IF(ABS(AG31)<1.05,"CONFORME",IF(ABS(AS31)<2.55,"CONFORME","NO CONFORME")))) -> CONFORME | BC31: =(IF(ABS(U31)>2.05,"NO CONFORME",IF(ABS(AG31)>2.05,"NO CONFORME",IF(ABS(AS31)>5.05,"NO CONFORME","CONFORME")))) -> CONFORME | BD31: =SIGN(U31) -> -1 | BE31: =SIGN(AG31) -> -1 | BF31: =SIGN(AS31) -> 1 | BG31: =CONCATENATE(BD31,BE31,BF31) -> -1-11 | BH31: =IF(BG31="111","SI","SD") -> SD | BI31: =IF(BG31="-1-1-1","SI","SD") -> SD | BJ31: =OR(BH31="SI",BI31="SI") -> FALSE | BK31: =IF(BJ31=FALSE,"SIGDIFERENTES","SIGIGUALES") -> SIGDIFERENTES | BL31: =IF(BC31="NO CONFORME","NO CONFORME",IF(BB31="CONFORME","CONFORME","NO CONFORME")) -> CONFORME
A32: 24 | B32: =B31 -> 45920 | C32: =C31 -> 45920 | D32: =D31 -> 3 | E32: =E31 -> 8 | G32: PA25516888 | H32: =H31 -> 25.6 | I32: =I31 -> 0 | J32: =J31 -> 20.5 | K32: =K31 -> 8.487 | L32: =L31 -> 0.592 | M32: 102.55 | N32: 201.48 | O32: =O31 -> 100.31 | P32: =P31 -> 2,30,140 | Q32: =LEFT(P32,1) -> 2 | R32: =RIGHT(P32,6) -> 30,140 | S32: =+(Q32*60+R32)/(60*60) -> 0.041705556 | T32: =+O32/S32 -> 2405.1952 | U32: =+(((N32-M32-O32)/O32)*100) -> -1.3757352 | V32: =V31 -> 20.7 | W32: =W31 -> 1.095 | X32: =X31 -> 1.086 | Y32: 226.7 | Z32: 236.61 | AA32: =AA31 -> 10.008 | AB32: =AB31 -> 22,32,060 | AC32: =LEFT(AB32,2) -> 22 | AD32: =RIGHT(AB32,6) -> 32,060 | AE32: =+(AC32*60+AD32)/(60*60) -> 0.37557222 | AF32: =+AA32/AE32 -> 26.647338 | AG32: =+(((Z32-Y32-AA32)/AA32)*100) -> -0.97921663 | AH32: =AH31 -> 21.3 | AI32: =AI31 -> 1.096 | AJ32: =AJ31 -> 1.087 | AK32: =Z32 -> 236.61 | AL32: 241.56 | AM32: =AM31 -> 5.005 | AN32: =AN31 -> 18,09,850 | AO32: =LEFT(AN32,2) -> 18 | AP32: =RIGHT(AN32,6) -> 09,850 | AQ32: =+(AO32*60+AP32)/(60*60) -> 0.30273611 | AR32: =+AM32/AQ32 -> 16.53255 | AS32: =+(((AL32-AK32-AM32)/AM32)*100) -> -1.0989011 | AT32: =IF(I32>=1,"NO CONFORME",IF(BK32="SIGDIFERENTES",BC32,BL32)) -> CONFORME | AU32: =B32<=C32 -> TRUE | AV32: =N32<Y32 -> TRUE | AW32: =Z32<=AK32 -> TRUE | AX32: =IF(I32>=1,"Qcorrecto",IF(AND(AY32="aceptable",AZ32="aceptable",BA32="aceptable"),"Qcorrecto","Qincorrecto")) -> Qcorrecto | AY32: =IF(AR32<$AH$6,"error",IF(AR32>$AH$6*1.1,"error","aceptable")) -> aceptable | AZ32: =IF(AF32<$V$6,"error",IF(AF32>$V$6*1.1,"error","aceptable")) -> aceptable | BA32: =IF(T32<$J$6*0.9,"error",IF(T32>$J$6,"error","aceptable")) -> aceptable | BB32: =(IF(ABS(U32)<1.05,"CONFORME",IF(ABS(AG32)<1.05,"CONFORME",IF(ABS(AS32)<2.55,"CONFORME","NO CONFORME")))) -> CONFORME | BC32: =(IF(ABS(U32)>2.05,"NO CONFORME",IF(ABS(AG32)>2.05,"NO CONFORME",IF(ABS(AS32)>5.05,"NO CONFORME","CONFORME")))) -> CONFORME | BD32: =SIGN(U32) -> -1 | BE32: =SIGN(AG32) -> -1 | BF32: =SIGN(AS32) -> -1 | BG32: =CONCATENATE(BD32,BE32,BF32) -> -1-1-1 | BH32: =IF(BG32="111","SI","SD") -> SD | BI32: =IF(BG32="-1-1-1","SI","SD") -> SI | BJ32: =OR(BH32="SI",BI32="SI") -> TRUE | BK32: =IF(BJ32=FALSE,"SIGDIFERENTES","SIGIGUALES") -> SIGIGUALES | BL32: =IF(BC32="NO CONFORME","NO CONFORME",IF(BB32="CONFORME","CONFORME","NO CONFORME")) -> CONFORME
A33: 25 | B33: =B32 -> 45920 | C33: =C32 -> 45920 | D33: =D32 -> 3 | E33: =E32 -> 8 | G33: PA25516889 | H33: =H32 -> 25.6 | I33: =I32 -> 0 | J33: =J32 -> 20.5 | K33: =K32 -> 8.487 | L33: =L32 -> 0.592 | M33: 142.43 | N33: 242.08 | O33: =O32 -> 100.31 | P33: =P32 -> 2,30,140 | Q33: =LEFT(P33,1) -> 2 | R33: =RIGHT(P33,6) -> 30,140 | S33: =+(Q33*60+R33)/(60*60) -> 0.041705556 | T33: =+O33/S33 -> 2405.1952 | U33: =+(((N33-M33-O33)/O33)*100) -> -0.65796032 | V33: =V32 -> 20.7 | W33: =W32 -> 1.095 | X33: =X32 -> 1.086 | Y33: 267.48 | Z33: 277.41 | AA33: =AA32 -> 10.008 | AB33: =AB32 -> 22,32,060 | AC33: =LEFT(AB33,2) -> 22 | AD33: =RIGHT(AB33,6) -> 32,060 | AE33: =+(AC33*60+AD33)/(60*60) -> 0.37557222 | AF33: =+AA33/AE33 -> 26.647338 | AG33: =+(((Z33-Y33-AA33)/AA33)*100) -> -0.7793765 | AH33: =AH32 -> 21.3 | AI33: =AI32 -> 1.096 | AJ33: =AJ32 -> 1.087 | AK33: =Z33 -> 277.41 | AL33: 282.42 | AM33: =AM32 -> 5.005 | AN33: =AN32 -> 18,09,850 | AO33: =LEFT(AN33,2) -> 18 | AP33: =RIGHT(AN33,6) -> 09,850 | AQ33: =+(AO33*60+AP33)/(60*60) -> 0.30273611 | AR33: =+AM33/AQ33 -> 16.53255 | AS33: =+(((AL33-AK33-AM33)/AM33)*100) -> 0.0999001 | AT33: =IF(I33>=1,"NO CONFORME",IF(BK33="SIGDIFERENTES",BC33,BL33)) -> CONFORME | AU33: =B33<=C33 -> TRUE | AV33: =N33<Y33 -> TRUE | AW33: =Z33<=AK33 -> TRUE | AX33: =IF(I33>=1,"Qcorrecto",IF(AND(AY33="aceptable",AZ33="aceptable",BA33="aceptable"),"Qcorrecto","Qincorrecto")) -> Qcorrecto | AY33: =IF(AR33<$AH$6,"error",IF(AR33>$AH$6*1.1,"error","aceptable")) -> aceptable | AZ33: =IF(AF33<$V$6,"error",IF(AF33>$V$6*1.1,"error","aceptable")) -> aceptable | BA33: =IF(T33<$J$6*0.9,"error",IF(T33>$J$6,"error","aceptable")) -> aceptable | BB33: =(IF(ABS(U33)<1.05,"CONFORME",IF(ABS(AG33)<1.05,"CONFORME",IF(ABS(AS33)<2.55,"CONFORME","NO CONFORME")))) -> CONFORME | BC33: =(IF(ABS(U33)>2.05,"NO CONFORME",IF(ABS(AG33)>2.05,"NO CONFORME",IF(ABS(AS33)>5.05,"NO CONFORME","CONFORME")))) -> CONFORME | BD33: =SIGN(U33) -> -1 | BE33: =SIGN(AG33) -> -1 | BF33: =SIGN(AS33) -> 1 | BG33: =CONCATENATE(BD33,BE33,BF33) -> -1-11 | BH33: =IF(BG33="111","SI","SD") -> SD | BI33: =IF(BG33="-1-1-1","SI","SD") -> SD | BJ33: =OR(BH33="SI",BI33="SI") -> FALSE | BK33: =IF(BJ33=FALSE,"SIGDIFERENTES","SIGIGUALES") -> SIGDIFERENTES | BL33: =IF(BC33="NO CONFORME","NO CONFORME",IF(BB33="CONFORME","CONFORME","NO CONFORME")) -> CONFORME
A34: 26 | B34: =B33 -> 45920 | C34: =C33 -> 45920 | D34: =D33 -> 3 | E34: =E33 -> 8 | G34: PA25516890 | H34: =H33 -> 25.6 | I34: =I33 -> 0 | J34: =J33 -> 20.5 | K34: =K33 -> 8.487 | L34: =L33 -> 0.592 | M34: 101.45 | N34: 200.55 | O34: =O33 -> 100.31 | P34: =P33 -> 2,30,140 | Q34: =LEFT(P34,1) -> 2 | R34: =RIGHT(P34,6) -> 30,140 | S34: =+(Q34*60+R34)/(60*60) -> 0.041705556 | T34: =+O34/S34 -> 2405.1952 | U34: =+(((N34-M34-O34)/O34)*100) -> -1.2062606 | V34: =V33 -> 20.7 | W34: =W33 -> 1.095 | X34: =X33 -> 1.086 | Y34: 225.88 | Z34: 235.79 | AA34: =AA33 -> 10.008 | AB34: =AB33 -> 22,32,060 | AC34: =LEFT(AB34,2) -> 22 | AD34: =RIGHT(AB34,6) -> 32,060 | AE34: =+(AC34*60+AD34)/(60*60) -> 0.37557222 | AF34: =+AA34/AE34 -> 26.647338 | AG34: =+(((Z34-Y34-AA34)/AA34)*100) -> -0.97921663 | AH34: =AH33 -> 21.3 | AI34: =AI33 -> 1.096 | AJ34: =AJ33 -> 1.087 | AK34: =Z34 -> 235.79 | AL34: 240.79 | AM34: =AM33 -> 5.005 | AN34: =AN33 -> 18,09,850 | AO34: =LEFT(AN34,2) -> 18 | AP34: =RIGHT(AN34,6) -> 09,850 | AQ34: =+(AO34*60+AP34)/(60*60) -> 0.30273611 | AR34: =+AM34/AQ34 -> 16.53255 | AS34: =+(((AL34-AK34-AM34)/AM34)*100) -> -0.0999001 | AT34: =IF(I34>=1,"NO CONFORME",IF(BK34="SIGDIFERENTES",BC34,BL34)) -> CONFORME | AU34: =B34<=C34 -> TRUE | AV34: =N34<Y34 -> TRUE | AW34: =Z34<=AK34 -> TRUE | AX34: =IF(I34>=1,"Qcorrecto",IF(AND(AY34="aceptable",AZ34="aceptable",BA34="aceptable"),"Qcorrecto","Qincorrecto")) -> Qcorrecto | AY34: =IF(AR34<$AH$6,"error",IF(AR34>$AH$6*1.1,"error","aceptable")) -> aceptable | AZ34: =IF(AF34<$V$6,"error",IF(AF34>$V$6*1.1,"error","aceptable")) -> aceptable | BA34: =IF(T34<$J$6*0.9,"error",IF(T34>$J$6,"error","aceptable")) -> aceptable | BB34: =(IF(ABS(U34)<1.05,"CONFORME",IF(ABS(AG34)<1.05,"CONFORME",IF(ABS(AS34)<2.55,"CONFORME","NO CONFORME")))) -> CONFORME | BC34: =(IF(ABS(U34)>2.05,"NO CONFORME",IF(ABS(AG34)>2.05,"NO CONFORME",IF(ABS(AS34)>5.05,"NO CONFORME","CONFORME")))) -> CONFORME | BD34: =SIGN(U34) -> -1 | BE34: =SIGN(AG34) -> -1 | BF34: =SIGN(AS34) -> -1 | BG34: =CONCATENATE(BD34,BE34,BF34) -> -1-1-1 | BH34: =IF(BG34="111","SI","SD") -> SD | BI34: =IF(BG34="-1-1-1","SI","SD") -> SI | BJ34: =OR(BH34="SI",BI34="SI") -> TRUE | BK34: =IF(BJ34=FALSE,"SIGDIFERENTES","SIGIGUALES") -> SIGIGUALES | BL34: =IF(BC34="NO CONFORME","NO CONFORME",IF(BB34="CONFORME","CONFORME","NO CONFORME")) -> CONFORME
A35: 27 | B35: =B34 -> 45920 | C35: =C34 -> 45920 | D35: =D34 -> 3 | E35: =E34 -> 8 | G35: PA25516891 | H35: =H34 -> 25.6 | I35: =I34 -> 0 | J35: =J34 -> 20.5 | K35: =K34 -> 8.487 | L35: =L34 -> 0.592 | M35: 100.33 | N35: 200.09 | O35: =O34 -> 100.31 | P35: =P34 -> 2,30,140 | Q35: =LEFT(P35,1) -> 2 | R35: =RIGHT(P35,6) -> 30,140 | S35: =+(Q35*60+R35)/(60*60) -> 0.041705556 | T35: =+O35/S35 -> 2405.1952 | U35: =+(((N35-M35-O35)/O35)*100) -> -0.54830027 | V35: =V34 -> 20.7 | W35: =W34 -> 1.095 | X35: =X34 -> 1.086 | Y35: 225.52 | Z35: 235.45 | AA35: =AA34 -> 10.008 | AB35: =AB34 -> 22,32,060 | AC35: =LEFT(AB35,2) -> 22 | AD35: =RIGHT(AB35,6) -> 32,060 | AE35: =+(AC35*60+AD35)/(60*60) -> 0.37557222 | AF35: =+AA35/AE35 -> 26.647338 | AG35: =+(((Z35-Y35-AA35)/AA35)*100) -> -0.7793765 | AH35: =AH34 -> 21.3 | AI35: =AI34 -> 1.096 | AJ35: =AJ34 -> 1.087 | AK35: =Z35 -> 235.45 | AL35: 240.44 | AM35: =AM34 -> 5.005 | AN35: =AN34 -> 18,09,850 | AO35: =LEFT(AN35,2) -> 18 | AP35: =RIGHT(AN35,6) -> 09,850 | AQ35: =+(AO35*60+AP35)/(60*60) -> 0.30273611 | AR35: =+AM35/AQ35 -> 16.53255 | AS35: =+(((AL35-AK35-AM35)/AM35)*100) -> -0.2997003 | AT35: =IF(I35>=1,"NO CONFORME",IF(BK35="SIGDIFERENTES",BC35,BL35)) -> CONFORME | AU35: =B35<=C35 -> TRUE | AV35: =N35<Y35 -> TRUE | AW35: =Z35<=AK35 -> TRUE | AX35: =IF(I35>=1,"Qcorrecto",IF(AND(AY35="aceptable",AZ35="aceptable",BA35="aceptable"),"Qcorrecto","Qincorrecto")) -> Qcorrecto | AY35: =IF(AR35<$AH$6,"error",IF(AR35>$AH$6*1.1,"error","aceptable")) -> aceptable | AZ35: =IF(AF35<$V$6,"error",IF(AF35>$V$6*1.1,"error","aceptable")) -> aceptable | BA35: =IF(T35<$J$6*0.9,"error",IF(T35>$J$6,"error","aceptable")) -> aceptable | BB35: =(IF(ABS(U35)<1.05,"CONFORME",IF(ABS(AG35)<1.05,"CONFORME",IF(ABS(AS35)<2.55,"CONFORME","NO CONFORME")))) -> CONFORME | BC35: =(IF(ABS(U35)>2.05,"NO CONFORME",IF(ABS(AG35)>2.05,"NO CONFORME",IF(ABS(AS35)>5.05,"NO CONFORME","CONFORME")))) -> CONFORME | BD35: =SIGN(U35) -> -1 | BE35: =SIGN(AG35) -> -1 | BF35: =SIGN(AS35) -> -1 | BG35: =CONCATENATE(BD35,BE35,BF35) -> -1-1-1 | BH35: =IF(BG35="111","SI","SD") -> SD | BI35: =IF(BG35="-1-1-1","SI","SD") -> SI | BJ35: =OR(BH35="SI",BI35="SI") -> TRUE | BK35: =IF(BJ35=FALSE,"SIGDIFERENTES","SIGIGUALES") -> SIGIGUALES | BL35: =IF(BC35="NO CONFORME","NO CONFORME",IF(BB35="CONFORME","CONFORME","NO CONFORME")) -> CONFORME
A36: 28 | B36: =B35 -> 45920 | C36: =C35 -> 45920 | D36: =D35 -> 3 | E36: =E35 -> 8 | G36: PA25516892 | H36: =H35 -> 25.6 | I36: =I35 -> 0 | J36: =J35 -> 20.5 | K36: =K35 -> 8.487 | L36: =L35 -> 0.592 | M36: 100.31 | N36: 200.06 | O36: =O35 -> 100.31 | P36: =P35 -> 2,30,140 | Q36: =LEFT(P36,1) -> 2 | R36: =RIGHT(P36,6) -> 30,140 | S36: =+(Q36*60+R36)/(60*60) -> 0.041705556 | T36: =+O36/S36 -> 2405.1952 | U36: =+(((N36-M36-O36)/O36)*100) -> -0.55826936 | V36: =V35 -> 20.7 | W36: =W35 -> 1.095 | X36: =X35 -> 1.086 | Y36: 225.44 | Z36: 235.37 | AA36: =AA35 -> 10.008 | AB36: =AB35 -> 22,32,060 | AC36: =LEFT(AB36,2) -> 22 | AD36: =RIGHT(AB36,6) -> 32,060 | AE36: =+(AC36*60+AD36)/(60*60) -> 0.37557222 | AF36: =+AA36/AE36 -> 26.647338 | AG36: =+(((Z36-Y36-AA36)/AA36)*100) -> -0.7793765 | AH36: =AH35 -> 21.3 | AI36: =AI35 -> 1.096 | AJ36: =AJ35 -> 1.087 | AK36: =Z36 -> 235.37 | AL36: 240.36 | AM36: =AM35 -> 5.005 | AN36: =AN35 -> 18,09,850 | AO36: =LEFT(AN36,2) -> 18 | AP36: =RIGHT(AN36,6) -> 09,850 | AQ36: =+(AO36*60+AP36)/(60*60) -> 0.30273611 | AR36: =+AM36/AQ36 -> 16.53255 | AS36: =+(((AL36-AK36-AM36)/AM36)*100) -> -0.2997003 | AT36: =IF(I36>=1,"NO CONFORME",IF(BK36="SIGDIFERENTES",BC36,BL36)) -> CONFORME | AU36: =B36<=C36 -> TRUE | AV36: =N36<Y36 -> TRUE | AW36: =Z36<=AK36 -> TRUE | AX36: =IF(I36>=1,"Qcorrecto",IF(AND(AY36="aceptable",AZ36="aceptable",BA36="aceptable"),"Qcorrecto","Qincorrecto")) -> Qcorrecto | AY36: =IF(AR36<$AH$6,"error",IF(AR36>$AH$6*1.1,"error","aceptable")) -> aceptable | AZ36: =IF(AF36<$V$6,"error",IF(AF36>$V$6*1.1,"error","aceptable")) -> aceptable | BA36: =IF(T36<$J$6*0.9,"error",IF(T36>$J$6,"error","aceptable")) -> aceptable | BB36: =(IF(ABS(U36)<1.05,"CONFORME",IF(ABS(AG36)<1.05,"CONFORME",IF(ABS(AS36)<2.55,"CONFORME","NO CONFORME")))) -> CONFORME | BC36: =(IF(ABS(U36)>2.05,"NO CONFORME",IF(ABS(AG36)>2.05,"NO CONFORME",IF(ABS(AS36)>5.05,"NO CONFORME","CONFORME")))) -> CONFORME | BD36: =SIGN(U36) -> -1 | BE36: =SIGN(AG36) -> -1 | BF36: =SIGN(AS36) -> -1 | BG36: =CONCATENATE(BD36,BE36,BF36) -> -1-1-1 | BH36: =IF(BG36="111","SI","SD") -> SD | BI36: =IF(BG36="-1-1-1","SI","SD") -> SI | BJ36: =OR(BH36="SI",BI36="SI") -> TRUE | BK36: =IF(BJ36=FALSE,"SIGDIFERENTES","SIGIGUALES") -> SIGIGUALES | BL36: =IF(BC36="NO CONFORME","NO CONFORME",IF(BB36="CONFORME","CONFORME","NO CONFORME")) -> CONFORME
A37: 29 | B37: =B36 -> 45920 | C37: =C36 -> 45920 | D37: =D36 -> 3 | E37: =E36 -> 8 | G37: PA25516893 | H37: =H36 -> 25.6 | I37: =I36 -> 0 | J37: =J36 -> 20.5 | K37: =K36 -> 8.487 | L37: =L36 -> 0.592 | M37: 99.76 | N37: 199.32 | O37: =O36 -> 100.31 | P37: =P36 -> 2,30,140 | Q37: =LEFT(P37,1) -> 2 | R37: =RIGHT(P37,6) -> 30,140 | S37: =+(Q37*60+R37)/(60*60) -> 0.041705556 | T37: =+O37/S37 -> 2405.1952 | U37: =+(((N37-M37-O37)/O37)*100) -> -0.74768219 | V37: =V36 -> 20.7 | W37: =W36 -> 1.095 | X37: =X36 -> 1.086 | Y37: 224.65 | Z37: 234.58 | AA37: =AA36 -> 10.008 | AB37: =AB36 -> 22,32,060 | AC37: =LEFT(AB37,2) -> 22 | AD37: =RIGHT(AB37,6) -> 32,060 | AE37: =+(AC37*60+AD37)/(60*60) -> 0.37557222 | AF37: =+AA37/AE37 -> 26.647338 | AG37: =+(((Z37-Y37-AA37)/AA37)*100) -> -0.7793765 | AH37: =AH36 -> 21.3 | AI37: =AI36 -> 1.096 | AJ37: =AJ36 -> 1.087 | AK37: =Z37 -> 234.58 | AL37: 239.58 | AM37: =AM36 -> 5.005 | AN37: =AN36 -> 18,09,850 | AO37: =LEFT(AN37,2) -> 18 | AP37: =RIGHT(AN37,6) -> 09,850 | AQ37: =+(AO37*60+AP37)/(60*60) -> 0.30273611 | AR37: =+AM37/AQ37 -> 16.53255 | AS37: =+(((AL37-AK37-AM37)/AM37)*100) -> -0.0999001 | AT37: =IF(I37>=1,"NO CONFORME",IF(BK37="SIGDIFERENTES",BC37,BL37)) -> CONFORME | AU37: =B37<=C37 -> TRUE | AV37: =N37<Y37 -> TRUE | AW37: =Z37<=AK37 -> TRUE | AX37: =IF(I37>=1,"Qcorrecto",IF(AND(AY37="aceptable",AZ37="aceptable",BA37="aceptable"),"Qcorrecto","Qincorrecto")) -> Qcorrecto | AY37: =IF(AR37<$AH$6,"error",IF(AR37>$AH$6*1.1,"error","aceptable")) -> aceptable | AZ37: =IF(AF37<$V$6,"error",IF(AF37>$V$6*1.1,"error","aceptable")) -> aceptable | BA37: =IF(T37<$J$6*0.9,"error",IF(T37>$J$6,"error","aceptable")) -> aceptable | BB37: =(IF(ABS(U37)<1.05,"CONFORME",IF(ABS(AG37)<1.05,"CONFORME",IF(ABS(AS37)<2.55,"CONFORME","NO CONFORME")))) -> CONFORME | BC37: =(IF(ABS(U37)>2.05,"NO CONFORME",IF(ABS(AG37)>2.05,"NO CONFORME",IF(ABS(AS37)>5.05,"NO CONFORME","CONFORME")))) -> CONFORME | BD37: =SIGN(U37) -> -1 | BE37: =SIGN(AG37) -> -1 | BF37: =SIGN(AS37) -> -1 | BG37: =CONCATENATE(BD37,BE37,BF37) -> -1-1-1 | BH37: =IF(BG37="111","SI","SD") -> SD | BI37: =IF(BG37="-1-1-1","SI","SD") -> SI | BJ37: =OR(BH37="SI",BI37="SI") -> TRUE | BK37: =IF(BJ37=FALSE,"SIGDIFERENTES","SIGIGUALES") -> SIGIGUALES | BL37: =IF(BC37="NO CONFORME","NO CONFORME",IF(BB37="CONFORME","CONFORME","NO CONFORME")) -> CONFORME
... A40: 32 | B40: =B39 -> 45920 | C40: =C39 -> 45920 | D40: =D39 -> 3 | E40: =E39 -> 8 | G40: PA25516896 | H40: =H39 -> 25.6 | I40: =I39 -> 0 | J40: =J39 -> 20.5 | K40: =K39 -> 8.487 | L40: =L39 -> 0.592 | M40: 100.15 | N40: 199.64 | O40: =O39 -> 100.31 | P40: =P39 -> 2,30,140 | Q40: =LEFT(P40,1) -> 2 | R40: =RIGHT(P40,6) -> 30,140 | S40: =+(Q40*60+R40)/(60*60) -> 0.041705556 | T40: =+O40/S40 -> 2405.1952 | U40: =+(((N40-M40-O40)/O40)*100) -> -0.81746586 | V40: =V39 -> 20.7 | W40: =W39 -> 1.095 | X40: =X39 -> 1.086 | Y40: 225.02 | Z40: 234.99 | AA40: =AA39 -> 10.008 | AB40: =AB39 -> 22,32,060 | AC40: =LEFT(AB40,2) -> 22 | AD40: =RIGHT(AB40,6) -> 32,060 | AE40: =+(AC40*60+AD40)/(60*60) -> 0.37557222 | AF40: =+AA40/AE40 -> 26.647338 | AG40: =+(((Z40-Y40-AA40)/AA40)*100) -> -0.37969624 | AH40: =AH39 -> 21.3 | AI40: =AI39 -> 1.096 | AJ40: =AJ39 -> 1.087 | AK40: =Z40 -> 234.99 | AL40: 239.96 | AM40: =AM39 -> 5.005 | AN40: =AN39 -> 18,09,850 | AO40: =LEFT(AN40,2) -> 18 | AP40: =RIGHT(AN40,6) -> 09,850 | AQ40: =+(AO40*60+AP40)/(60*60) -> 0.30273611 | AR40: =+AM40/AQ40 -> 16.53255 | AS40: =+(((AL40-AK40-AM40)/AM40)*100) -> -0.6993007 | AT40: =IF(I40>=1,"NO CONFORME",IF(BK40="SIGDIFERENTES",BC40,BL40)) -> CONFORME | AU40: =B40<=C40 -> TRUE | AV40: =N40<Y40 -> TRUE | AW40: =Z40<=AK40 -> TRUE | AX40: =IF(I40>=1,"Qcorrecto",IF(AND(AY40="aceptable",AZ40="aceptable",BA40="aceptable"),"Qcorrecto","Qincorrecto")) -> Qcorrecto | AY40: =IF(AR40<$AH$6,"error",IF(AR40>$AH$6*1.1,"error","aceptable")) -> aceptable | AZ40: =IF(AF40<$V$6,"error",IF(AF40>$V$6*1.1,"error","aceptable")) -> aceptable | BA40: =IF(T40<$J$6*0.9,"error",IF(T40>$J$6,"error","aceptable")) -> aceptable | BB40: =(IF(ABS(U40)<1.05,"CONFORME",IF(ABS(AG40)<1.05,"CONFORME",IF(ABS(AS40)<2.55,"CONFORME","NO CONFORME")))) -> CONFORME | BC40: =(IF(ABS(U40)>2.05,"NO CONFORME",IF(ABS(AG40)>2.05,"NO CONFORME",IF(ABS(AS40)>5.05,"NO CONFORME","CONFORME")))) -> CONFORME | BD40: =SIGN(U40) -> -1 | BE40: =SIGN(AG40) -> -1 | BF40: =SIGN(AS40) -> -1 | BG40: =CONCATENATE(BD40,BE40,BF40) -> -1-1-1 | BH40: =IF(BG40="111","SI","SD") -> SD | BI40: =IF(BG40="-1-1-1","SI","SD") -> SI | BJ40: =OR(BH40="SI",BI40="SI") -> TRUE | BK40: =IF(BJ40=FALSE,"SIGDIFERENTES","SIGIGUALES") -> SIGIGUALES | BL40: =IF(BC40="NO CONFORME","NO CONFORME",IF(BB40="CONFORME","CONFORME","NO CONFORME")) -> CONFORME
A41: 33 | B41: =B40 -> 45920 | C41: =C40 -> 45920 | D41: =D40 -> 3 | E41: =E40 -> 8 | G41: PA25516897 | H41: =H40 -> 25.6 | I41: =I40 -> 0 | J41: 20.9 | K41: 8.473 | L41: 0.521 | M41: 109.21 | N41: 209.35 | O41: 100.48 | P41: 2,29,610 | Q41: =LEFT(P41,1) -> 2 | R41: =RIGHT(P41,6) -> 29,610 | S41: =+(Q41*60+R41)/(60*60) -> 0.041558333 | T41: =+O41/S41 -> 2417.8063 | U41: =+(((N41-M41-O41)/O41)*100) -> -0.3383758 | V41: 21.3 | W41: 1.096 | X41: 1.088 | Y41: 214.75 | Z41: 224.69 | AA41: 10.01 | AB41: 22,44,380 | AC41: =LEFT(AB41,2) -> 22 | AD41: =RIGHT(AB41,6) -> 44,380 | AE41: =+(AC41*60+AD41)/(60*60) -> 0.37899444 | AF41: =+AA41/AE41 -> 26.411997 | AG41: =+(((Z41-Y41-AA41)/AA41)*100) -> -0.6993007 | AH41: 21.5 | AI41: 1.097 | AJ41: 1.089 | AK41: =Z41 -> 224.69 | AL41: 229.67 | AM41: 5.01 | AN41: 18,16,100 | AO41: =LEFT(AN41,2) -> 18 | AP41: =RIGHT(AN41,6) -> 16,100 | AQ41: =+(AO41*60+AP41)/(60*60) -> 0.30447222 | AR41: =+AM41/AQ41 -> 16.454703 | AS41: =+(((AL41-AK41-AM41)/AM41)*100) -> -0.5988024 | AT41: =IF(I41>=1,"NO CONFORME",IF(BK41="SIGDIFERENTES",BC41,BL41)) -> CONFORME | AU41: =B41<=C41 -> TRUE | AV41: =N41<Y41 -> TRUE | AW41: =Z41<=AK41 -> TRUE | AX41: =IF(I41>=1,"Qcorrecto",IF(AND(AY41="aceptable",AZ41="aceptable",BA41="aceptable"),"Qcorrecto","Qincorrecto")) -> Qcorrecto | AY41: =IF(AR41<$AH$6,"error",IF(AR41>$AH$6*1.1,"error","aceptable")) -> aceptable | AZ41: =IF(AF41<$V$6,"error",IF(AF41>$V$6*1.1,"error","aceptable")) -> aceptable | BA41: =IF(T41<$J$6*0.9,"error",IF(T41>$J$6,"error","aceptable")) -> aceptable | BB41: =(IF(ABS(U41)<1.05,"CONFORME",IF(ABS(AG41)<1.05,"CONFORME",IF(ABS(AS41)<2.55,"CONFORME","NO CONFORME")))) -> CONFORME | BC41: =(IF(ABS(U41)>2.05,"NO CONFORME",IF(ABS(AG41)>2.05,"NO CONFORME",IF(ABS(AS41)>5.05,"NO CONFORME","CONFORME")))) -> CONFORME | BD41: =SIGN(U41) -> -1 | BE41: =SIGN(AG41) -> -1 | BF41: =SIGN(AS41) -> -1 | BG41: =CONCATENATE(BD41,BE41,BF41) -> -1-1-1 | BH41: =IF(BG41="111","SI","SD") -> SD | BI41: =IF(BG41="-1-1-1","SI","SD") -> SI | BJ41: =OR(BH41="SI",BI41="SI") -> TRUE | BK41: =IF(BJ41=FALSE,"SIGDIFERENTES","SIGIGUALES") -> SIGIGUALES | BL41: =IF(BC41="NO CONFORME","NO CONFORME",IF(BB41="CONFORME","CONFORME","NO CONFORME")) -> CONFORME
A42: 34 | B42: =B41 -> 45920 | C42: =C41 -> 45920 | D42: =D41 -> 3 | E42: =E41 -> 8 | G42: PA25516898 | H42: =H41 -> 25.6 | I42: =I41 -> 0 | J42: =J41 -> 20.9 | K42: =K41 -> 8.473 | L42: =L41 -> 0.521 | M42: 150.3 | N42: 250 | O42: =O41 -> 100.48 | P42: =P41 -> 2,29,610 | Q42: =LEFT(P42,1) -> 2 | R42: =RIGHT(P42,6) -> 29,610 | S42: =+(Q42*60+R42)/(60*60) -> 0.041558333 | T42: =+O42/S42 -> 2417.8063 | U42: =+(((N42-M42-O42)/O42)*100) -> -0.77627389 | V42: =V41 -> 21.3 | W42: =W41 -> 1.096 | X42: =X41 -> 1.088 | Y42: 255.4 | Z42: 265.35 | AA42: =AA41 -> 10.01 | AB42: =AB41 -> 22,44,380 | AC42: =LEFT(AB42,2) -> 22 | AD42: =RIGHT(AB42,6) -> 44,380 | AE42: =+(AC42*60+AD42)/(60*60) -> 0.37899444 | AF42: =+AA42/AE42 -> 26.411997 | AG42: =+(((Z42-Y42-AA42)/AA42)*100) -> -0.5994006 | AH42: =AH41 -> 21.5 | AI42: =AI41 -> 1.097 | AJ42: =AJ41 -> 1.089 | AK42: =Z42 -> 265.35 | AL42: 270.37 | AM42: =AM41 -> 5.01 | AN42: =AN41 -> 18,16,100 | AO42: =LEFT(AN42,2) -> 18 | AP42: =RIGHT(AN42,6) -> 16,100 | AQ42: =+(AO42*60+AP42)/(60*60) -> 0.30447222 | AR42: =+AM42/AQ42 -> 16.454703 | AS42: =+(((AL42-AK42-AM42)/AM42)*100) -> 0.1996008 | AT42: =IF(I42>=1,"NO CONFORME",IF(BK42="SIGDIFERENTES",BC42,BL42)) -> CONFORME | AU42: =B42<=C42 -> TRUE | AV42: =N42<Y42 -> TRUE | AW42: =Z42<=AK42 -> TRUE | AX42: =IF(I42>=1,"Qcorrecto",IF(AND(AY42="aceptable",AZ42="aceptable",BA42="aceptable"),"Qcorrecto","Qincorrecto")) -> Qcorrecto | AY42: =IF(AR42<$AH$6,"error",IF(AR42>$AH$6*1.1,"error","aceptable")) -> aceptable | AZ42: =IF(AF42<$V$6,"error",IF(AF42>$V$6*1.1,"error","aceptable")) -> aceptable | BA42: =IF(T42<$J$6*0.9,"error",IF(T42>$J$6,"error","aceptable")) -> aceptable | BB42: =(IF(ABS(U42)<1.05,"CONFORME",IF(ABS(AG42)<1.05,"CONFORME",IF(ABS(AS42)<2.55,"CONFORME","NO CONFORME")))) -> CONFORME | BC42: =(IF(ABS(U42)>2.05,"NO CONFORME",IF(ABS(AG42)>2.05,"NO CONFORME",IF(ABS(AS42)>5.05,"NO CONFORME","CONFORME")))) -> CONFORME | BD42: =SIGN(U42) -> -1 | BE42: =SIGN(AG42) -> -1 | BF42: =SIGN(AS42) -> 1 | BG42: =CONCATENATE(BD42,BE42,BF42) -> -1-11 | BH42: =IF(BG42="111","SI","SD") -> SD | BI42: =IF(BG42="-1-1-1","SI","SD") -> SD | BJ42: =OR(BH42="SI",BI42="SI") -> FALSE | BK42: =IF(BJ42=FALSE,"SIGDIFERENTES","SIGIGUALES") -> SIGDIFERENTES | BL42: =IF(BC42="NO CONFORME","NO CONFORME",IF(BB42="CONFORME","CONFORME","NO CONFORME")) -> CONFORME
A43: 35 | B43: =B42 -> 45920 | C43: =C42 -> 45920 | D43: =D42 -> 3 | E43: =E42 -> 8 | G43: PA25516899 | H43: =H42 -> 25.6 | I43: =I42 -> 0 | J43: =J42 -> 20.9 | K43: =K42 -> 8.473 | L43: =L42 -> 0.521 | M43: 108.58 | N43: 208.08 | O43: =O42 -> 100.48 | P43: =P42 -> 2,29,610 | Q43: =LEFT(P43,1) -> 2 | R43: =RIGHT(P43,6) -> 29,610 | S43: =+(Q43*60+R43)/(60*60) -> 0.041558333 | T43: =+O43/S43 -> 2417.8063 | U43: =+(((N43-M43-O43)/O43)*100) -> -0.97531847 | V43: =V42 -> 21.3 | W43: =W42 -> 1.096 | X43: =X42 -> 1.088 | Y43: 213.48 | Z43: 223.42 | AA43: =AA42 -> 10.01 | AB43: =AB42 -> 22,44,380 | AC43: =LEFT(AB43,2) -> 22 | AD43: =RIGHT(AB43,6) -> 44,380 | AE43: =+(AC43*60+AD43)/(60*60) -> 0.37899444 | AF43: =+AA43/AE43 -> 26.411997 | AG43: =+(((Z43-Y43-AA43)/AA43)*100) -> -0.6993007 | AH43: =AH42 -> 21.5 | AI43: =AI42 -> 1.097 | AJ43: =AJ42 -> 1.089 | AK43: =Z43 -> 223.42 | AL43: 228.44 | AM43: =AM42 -> 5.01 | AN43: =AN42 -> 18,16,100 | AO43: =LEFT(AN43,2) -> 18 | AP43: =RIGHT(AN43,6) -> 16,100 | AQ43: =+(AO43*60+AP43)/(60*60) -> 0.30447222 | AR43: =+AM43/AQ43 -> 16.454703 | AS43: =+(((AL43-AK43-AM43)/AM43)*100) -> 0.1996008 | AT43: =IF(I43>=1,"NO CONFORME",IF(BK43="SIGDIFERENTES",BC43,BL43)) -> CONFORME | AU43: =B43<=C43 -> TRUE | AV43: =N43<Y43 -> TRUE | AW43: =Z43<=AK43 -> TRUE | AX43: =IF(I43>=1,"Qcorrecto",IF(AND(AY43="aceptable",AZ43="aceptable",BA43="aceptable"),"Qcorrecto","Qincorrecto")) -> Qcorrecto | AY43: =IF(AR43<$AH$6,"error",IF(AR43>$AH$6*1.1,"error","aceptable")) -> aceptable | AZ43: =IF(AF43<$V$6,"error",IF(AF43>$V$6*1.1,"error","aceptable")) -> aceptable | BA43: =IF(T43<$J$6*0.9,"error",IF(T43>$J$6,"error","aceptable")) -> aceptable | BB43: =(IF(ABS(U43)<1.05,"CONFORME",IF(ABS(AG43)<1.05,"CONFORME",IF(ABS(AS43)<2.55,"CONFORME","NO CONFORME")))) -> CONFORME | BC43: =(IF(ABS(U43)>2.05,"NO CONFORME",IF(ABS(AG43)>2.05,"NO CONFORME",IF(ABS(AS43)>5.05,"NO CONFORME","CONFORME")))) -> CONFORME | BD43: =SIGN(U43) -> -1 | BE43: =SIGN(AG43) -> -1 | BF43: =SIGN(AS43) -> 1 | BG43: =CONCATENATE(BD43,BE43,BF43) -> -1-11 | BH43: =IF(BG43="111","SI","SD") -> SD | BI43: =IF(BG43="-1-1-1","SI","SD") -> SD | BJ43: =OR(BH43="SI",BI43="SI") -> FALSE | BK43: =IF(BJ43=FALSE,"SIGDIFERENTES","SIGIGUALES") -> SIGDIFERENTES | BL43: =IF(BC43="NO CONFORME","NO CONFORME",IF(BB43="CONFORME","CONFORME","NO CONFORME")) -> CONFORME
A44: 36 | B44: =B43 -> 45920 | C44: =C43 -> 45920 | D44: =D43 -> 3 | E44: =E43 -> 8 | G44: PA25516900 | H44: =H43 -> 25.6 | I44: =I43 -> 0 | J44: =J43 -> 20.9 | K44: =K43 -> 8.473 | L44: =L43 -> 0.521 | M44: 109.51 | N44: 209.6 | O44: =O43 -> 100.48 | P44: =P43 -> 2,29,610 | Q44: =LEFT(P44,1) -> 2 | R44: =RIGHT(P44,6) -> 29,610 | S44: =+(Q44*60+R44)/(60*60) -> 0.041558333 | T44: =+O44/S44 -> 2417.8063 | U44: =+(((N44-M44-O44)/O44)*100) -> -0.38813694 | V44: =V43 -> 21.3 | W44: =W43 -> 1.096 | X44: =X43 -> 1.088 | Y44: 215 | Z44: 225.01 | AA44: =AA43 -> 10.01 | AB44: =AB43 -> 22,44,380 | AC44: =LEFT(AB44,2) -> 22 | AD44: =RIGHT(AB44,6) -> 44,380 | AE44: =+(AC44*60+AD44)/(60*60) -> 0.37899444 | AF44: =+AA44/AE44 -> 26.411997 | AG44: =+(((Z44-Y44-AA44)/AA44)*100) -> -8.8729113e-14 | AH44: =AH43 -> 21.5 | AI44: =AI43 -> 1.097 | AJ44: =AJ43 -> 1.089 | AK44: =Z44 -> 225.01 | AL44: 230.09 | AM44: =AM43 -> 5.01 | AN44: =AN43 -> 18,16,100 | AO44: =LEFT(AN44,2) -> 18 | AP44: =RIGHT(AN44,6) -> 16,100 | AQ44: =+(AO44*60+AP44)/(60*60) -> 0.30447222 | AR44: =+AM44/AQ44 -> 16.454703 | AS44: =+(((AL44-AK44-AM44)/AM44)*100) -> 1.3972056 | AT44: =IF(I44>=1,"NO CONFORME",IF(BK44="SIGDIFERENTES",BC44,BL44)) -> CONFORME | AU44: =B44<=C44 -> TRUE | AV44: =N44<Y44 -> TRUE | AW44: =Z44<=AK44 -> TRUE | AX44: =IF(I44>=1,"Qcorrecto",IF(AND(AY44="aceptable",AZ44="aceptable",BA44="aceptable"),"Qcorrecto","Qincorrecto")) -> Qcorrecto | AY44: =IF(AR44<$AH$6,"error",IF(AR44>$AH$6*1.1,"error","aceptable")) -> aceptable | AZ44: =IF(AF44<$V$6,"error",IF(AF44>$V$6*1.1,"error","aceptable")) -> aceptable | BA44: =IF(T44<$J$6*0.9,"error",IF(T44>$J$6,"error","aceptable")) -> aceptable | BB44: =(IF(ABS(U44)<1.05,"CONFORME",IF(ABS(AG44)<1.05,"CONFORME",IF(ABS(AS44)<2.55,"CONFORME","NO CONFORME")))) -> CONFORME | BC44: =(IF(ABS(U44)>2.05,"NO CONFORME",IF(ABS(AG44)>2.05,"NO CONFORME",IF(ABS(AS44)>5.05,"NO CONFORME","CONFORME")))) -> CONFORME | BD44: =SIGN(U44) -> -1 | BE44: =SIGN(AG44) -> -1 | BF44: =SIGN(AS44) -> 1 | BG44: =CONCATENATE(BD44,BE44,BF44) -> -1-11 | BH44: =IF(BG44="111","SI","SD") -> SD | BI44: =IF(BG44="-1-1-1","SI","SD") -> SD | BJ44: =OR(BH44="SI",BI44="SI") -> FALSE | BK44: =IF(BJ44=FALSE,"SIGDIFERENTES","SIGIGUALES") -> SIGDIFERENTES | BL44: =IF(BC44="NO CONFORME","NO CONFORME",IF(BB44="CONFORME","CONFORME","NO CONFORME")) -> CONFORME
A45: 37 | B45: =B44 -> 45920 | C45: =C44 -> 45920 | D45: =D44 -> 3 | E45: =E44 -> 8 | G45: PA25516901 | H45: =H44 -> 25.6 | I45: =I44 -> 0 | J45: =J44 -> 20.9 | K45: =K44 -> 8.473 | L45: =L44 -> 0.521 | M45: 111.31 | N45: 211.64 | O45: =O44 -> 100.48 | P45: =P44 -> 2,29,610 | Q45: =LEFT(P45,1) -> 2 | R45: =RIGHT(P45,6) -> 29,610 | S45: =+(Q45*60+R45)/(60*60) -> 0.041558333 | T45: =+O45/S45 -> 2417.8063 | U45: =+(((N45-M45-O45)/O45)*100) -> -0.14928344 | V45: =V44 -> 21.3 | W45: =W44 -> 1.096 | X45: =X44 -> 1.088 | Y45: 217.05 | Z45: 227.08 | AA45: =AA44 -> 10.01 | AB45: =AB44 -> 22,44,380 | AC45: =LEFT(AB45,2) -> 22 | AD45: =RIGHT(AB45,6) -> 44,380 | AE45: =+(AC45*60+AD45)/(60*60) -> 0.37899444 | AF45: =+AA45/AE45 -> 26.411997 | AG45: =+(((Z45-Y45-AA45)/AA45)*100) -> 0.1998002 | AH45: =AH44 -> 21.5 | AI45: =AI44 -> 1.097 | AJ45: =AJ44 -> 1.089 | AK45: =Z45 -> 227.08 | AL45: 232.14 | AM45: =AM44 -> 5.01 | AN45: =AN44 -> 18,16,100 | AO45: =LEFT(AN45,2) -> 18 | AP45: =RIGHT(AN45,6) -> 16,100 | AQ45: =+(AO45*60+AP45)/(60*60) -> 0.30447222 | AR45: =+AM45/AQ45 -> 16.454703 | AS45: =+(((AL45-AK45-AM45)/AM45)*100) -> 0.99800399 | AT45: =IF(I45>=1,"NO CONFORME",IF(BK45="SIGDIFERENTES",BC45,BL45)) -> CONFORME | AU45: =B45<=C45 -> TRUE | AV45: =N45<Y45 -> TRUE | AW45: =Z45<=AK45 -> TRUE | AX45: =IF(I45>=1,"Qcorrecto",IF(AND(AY45="aceptable",AZ45="aceptable",BA45="aceptable"),"Qcorrecto","Qincorrecto")) -> Qcorrecto | AY45: =IF(AR45<$AH$6,"error",IF(AR45>$AH$6*1.1,"error","aceptable")) -> aceptable | AZ45: =IF(AF45<$V$6,"error",IF(AF45>$V$6*1.1,"error","aceptable")) -> aceptable | BA45: =IF(T45<$J$6*0.9,"error",IF(T45>$J$6,"error","aceptable")) -> aceptable | BB45: =(IF(ABS(U45)<1.05,"CONFORME",IF(ABS(AG45)<1.05,"CONFORME",IF(ABS(AS45)<2.55,"CONFORME","NO CONFORME")))) -> CONFORME | BC45: =(IF(ABS(U45)>2.05,"NO CONFORME",IF(ABS(AG45)>2.05,"NO CONFORME",IF(ABS(AS45)>5.05,"NO CONFORME","CONFORME")))) -> CONFORME | BD45: =SIGN(U45) -> -1 | BE45: =SIGN(AG45) -> 1 | BF45: =SIGN(AS45) -> 1 | BG45: =CONCATENATE(BD45,BE45,BF45) -> -111 | BH45: =IF(BG45="111","SI","SD") -> SD | BI45: =IF(BG45="-1-1-1","SI","SD") -> SD | BJ45: =OR(BH45="SI",BI45="SI") -> FALSE | BK45: =IF(BJ45=FALSE,"SIGDIFERENTES","SIGIGUALES") -> SIGDIFERENTES | BL45: =IF(BC45="NO CONFORME","NO CONFORME",IF(BB45="CONFORME","CONFORME","NO CONFORME")) -> CONFORME
A46: 38 | B46: =B45 -> 45920 | C46: =C45 -> 45920 | D46: =D45 -> 3 | E46: =E45 -> 8 | G46: PA25516902 | H46: =H45 -> 25.6 | I46: =I45 -> 0 | J46: =J45 -> 20.9 | K46: =K45 -> 8.473 | L46: =L45 -> 0.521 | M46: 109.2 | N46: 208.8 | O46: =O45 -> 100.48 | P46: =P45 -> 2,29,610 | Q46: =LEFT(P46,1) -> 2 | R46: =RIGHT(P46,6) -> 29,610 | S46: =+(Q46*60+R46)/(60*60) -> 0.041558333 | T46: =+O46/S46 -> 2417.8063 | U46: =+(((N46-M46-O46)/O46)*100) -> -0.87579618 | V46: =V45 -> 21.3 | W46: =W45 -> 1.096 | X46: =X45 -> 1.088 | Y46: 214.19 | Z46: 224.13 | AA46: =AA45 -> 10.01 | AB46: =AB45 -> 22,44,380 | AC46: =LEFT(AB46,2) -> 22 | AD46: =RIGHT(AB46,6) -> 44,380 | AE46: =+(AC46*60+AD46)/(60*60) -> 0.37899444 | AF46: =+AA46/AE46 -> 26.411997 | AG46: =+(((Z46-Y46-AA46)/AA46)*100) -> -0.6993007 | AH46: =AH45 -> 21.5 | AI46: =AI45 -> 1.097 | AJ46: =AJ45 -> 1.089 | AK46: =Z46 -> 224.13 | AL46: 229.18 | AM46: =AM45 -> 5.01 | AN46: =AN45 -> 18,16,100 | AO46: =LEFT(AN46,2) -> 18 | AP46: =RIGHT(AN46,6) -> 16,100 | AQ46: =+(AO46*60+AP46)/(60*60) -> 0.30447222 | AR46: =+AM46/AQ46 -> 16.454703 | AS46: =+(((AL46-AK46-AM46)/AM46)*100) -> 0.79840319 | AT46: =IF(I46>=1,"NO CONFORME",IF(BK46="SIGDIFERENTES",BC46,BL46)) -> CONFORME | AU46: =B46<=C46 -> TRUE | AV46: =N46<Y46 -> TRUE | AW46: =Z46<=AK46 -> TRUE | AX46: =IF(I46>=1,"Qcorrecto",IF(AND(AY46="aceptable",AZ46="aceptable",BA46="aceptable"),"Qcorrecto","Qincorrecto")) -> Qcorrecto | AY46: =IF(AR46<$AH$6,"error",IF(AR46>$AH$6*1.1,"error","aceptable")) -> aceptable | AZ46: =IF(AF46<$V$6,"error",IF(AF46>$V$6*1.1,"error","aceptable")) -> aceptable | BA46: =IF(T46<$J$6*0.9,"error",IF(T46>$J$6,"error","aceptable")) -> aceptable | BB46: =(IF(ABS(U46)<1.05,"CONFORME",IF(ABS(AG46)<1.05,"CONFORME",IF(ABS(AS46)<2.55,"CONFORME","NO CONFORME")))) -> CONFORME | BC46: =(IF(ABS(U46)>2.05,"NO CONFORME",IF(ABS(AG46)>2.05,"NO CONFORME",IF(ABS(AS46)>5.05,"NO CONFORME","CONFORME")))) -> CONFORME | BD46: =SIGN(U46) -> -1 | BE46: =SIGN(AG46) -> -1 | BF46: =SIGN(AS46) -> 1 | BG46: =CONCATENATE(BD46,BE46,BF46) -> -1-11 | BH46: =IF(BG46="111","SI","SD") -> SD | BI46: =IF(BG46="-1-1-1","SI","SD") -> SD | BJ46: =OR(BH46="SI",BI46="SI") -> FALSE | BK46: =IF(BJ46=FALSE,"SIGDIFERENTES","SIGIGUALES") -> SIGDIFERENTES | BL46: =IF(BC46="NO CONFORME","NO CONFORME",IF(BB46="CONFORME","CONFORME","NO CONFORME")) -> CONFORME
A47: 39 | B47: =B46 -> 45920 | C47: =C46 -> 45920 | D47: =D46 -> 3 | E47: =E46 -> 8 | G47: PA25516903 | H47: =H46 -> 25.6 | I47: =I46 -> 0 | J47: =J46 -> 20.9 | K47: =K46 -> 8.473 | L47: =L46 -> 0.521 | M47: 150.79 | N47: 250.93 | O47: =O46 -> 100.48 | P47: =P46 -> 2,29,610 | Q47: =LEFT(P47,1) -> 2 | R47: =RIGHT(P47,6) -> 29,610 | S47: =+(Q47*60+R47)/(60*60) -> 0.041558333 | T47: =+O47/S47 -> 2417.8063 | U47: =+(((N47-M47-O47)/O47)*100) -> -0.3383758 | V47: =V46 -> 21.3 | W47: =W46 -> 1.096 | X47: =X46 -> 1.088 | Y47: 256.34 | Z47: 266.28 | AA47: =AA46 -> 10.01 | AB47: =AB46 -> 22,44,380 | AC47: =LEFT(AB47,2) -> 22 | AD47: =RIGHT(AB47,6) -> 44,380 | AE47: =+(AC47*60+AD47)/(60*60) -> 0.37899444 | AF47: =+AA47/AE47 -> 26.411997 | AG47: =+(((Z47-Y47-AA47)/AA47)*100) -> -0.6993007 | AH47: =AH46 -> 21.5 | AI47: =AI46 -> 1.097 | AJ47: =AJ46 -> 1.089 | AK47: =Z47 -> 266.28 | AL47: 271.29 | AM47: =AM46 -> 5.01 | AN47: =AN46 -> 18,16,100 | AO47: =LEFT(AN47,2) -> 18 | AP47: =RIGHT(AN47,6) -> 16,100 | AQ47: =+(AO47*60+AP47)/(60*60) -> 0.30447222 | AR47: =+AM47/AQ47 -> 16.454703 | AS47: =+(((AL47-AK47-AM47)/AM47)*100) -> 9.5731806e-13 | AT47: =IF(I47>=1,"NO CONFORME",IF(BK47="SIGDIFERENTES",BC47,BL47)) -> CONFORME | AU47: =B47<=C47 -> TRUE | AV47: =N47<Y47 -> TRUE | AW47: =Z47<=AK47 -> TRUE | AX47: =IF(I47>=1,"Qcorrecto",IF(AND(AY47="aceptable",AZ47="aceptable",BA47="aceptable"),"Qcorrecto","Qincorrecto")) -> Qcorrecto | AY47: =IF(AR47<$AH$6,"error",IF(AR47>$AH$6*1.1,"error","aceptable")) -> aceptable | AZ47: =IF(AF47<$V$6,"error",IF(AF47>$V$6*1.1,"error","aceptable")) -> aceptable | BA47: =IF(T47<$J$6*0.9,"error",IF(T47>$J$6,"error","aceptable")) -> aceptable | BB47: =(IF(ABS(U47)<1.05,"CONFORME",IF(ABS(AG47)<1.05,"CONFORME",IF(ABS(AS47)<2.55,"CONFORME","NO CONFORME")))) -> CONFORME | BC47: =(IF(ABS(U47)>2.05,"NO CONFORME",IF(ABS(AG47)>2.05,"NO CONFORME",IF(ABS(AS47)>5.05,"NO CONFORME","CONFORME")))) -> CONFORME | BD47: =SIGN(U47) -> -1 | BE47: =SIGN(AG47) -> -1 | BF47: =SIGN(AS47) -> 1 | BG47: =CONCATENATE(BD47,BE47,BF47) -> -1-11 | BH47: =IF(BG47="111","SI","SD") -> SD | BI47: =IF(BG47="-1-1-1","SI","SD") -> SD | BJ47: =OR(BH47="SI",BI47="SI") -> FALSE | BK47: =IF(BJ47=FALSE,"SIGDIFERENTES","SIGIGUALES") -> SIGDIFERENTES | BL47: =IF(BC47="NO CONFORME","NO CONFORME",IF(BB47="CONFORME","CONFORME","NO CONFORME")) -> CONFORME
A48: 40 | B48: =B47 -> 45920 | C48: =C47 -> 45920 | D48: =D47 -> 3 | E48: =E47 -> 8 | G48: PA25516904 | H48: =H47 -> 25.6 | I48: =I47 -> 0 | J48: =J47 -> 20.9 | K48: =K47 -> 8.473 | L48: =L47 -> 0.521 | M48: 109.99 | N48: 209.84 | O48: =O47 -> 100.48 | P48: =P47 -> 2,29,610 | Q48: =LEFT(P48,1) -> 2 | R48: =RIGHT(P48,6) -> 29,610 | S48: =+(Q48*60+R48)/(60*60) -> 0.041558333 | T48: =+O48/S48 -> 2417.8063 | U48: =+(((N48-M48-O48)/O48)*100) -> -0.62699045 | V48: =V47 -> 21.3 | W48: =W47 -> 1.096 | X48: =X47 -> 1.088 | Y48: 215.24 | Z48: 225.22 | AA48: =AA47 -> 10.01 | AB48: =AB47 -> 22,44,380 | AC48: =LEFT(AB48,2) -> 22 | AD48: =RIGHT(AB48,6) -> 44,380 | AE48: =+(AC48*60+AD48)/(60*60) -> 0.37899444 | AF48: =+AA48/AE48 -> 26.411997 | AG48: =+(((Z48-Y48-AA48)/AA48)*100) -> -0.2997003 | AH48: =AH47 -> 21.5 | AI48: =AI47 -> 1.097 | AJ48: =AJ47 -> 1.089 | AK48: =Z48 -> 225.22 | AL48: 230.28 | AM48: =AM47 -> 5.01 | AN48: =AN47 -> 18,16,100 | AO48: =LEFT(AN48,2) -> 18 | AP48: =RIGHT(AN48,6) -> 16,100 | AQ48: =+(AO48*60+AP48)/(60*60) -> 0.30447222 | AR48: =+AM48/AQ48 -> 16.454703 | AS48: =+(((AL48-AK48-AM48)/AM48)*100) -> 0.99800399 | AT48: =IF(I48>=1,"NO CONFORME",IF(BK48="SIGDIFERENTES",BC48,BL48)) -> CONFORME | AU48: =B48<=C48 -> TRUE | AV48: =N48<Y48 -> TRUE | AW48: =Z48<=AK48 -> TRUE | AX48: =IF(I48>=1,"Qcorrecto",IF(AND(AY48="aceptable",AZ48="aceptable",BA48="aceptable"),"Qcorrecto","Qincorrecto")) -> Qcorrecto | AY48: =IF(AR48<$AH$6,"error",IF(AR48>$AH$6*1.1,"error","aceptable")) -> aceptable | AZ48: =IF(AF48<$V$6,"error",IF(AF48>$V$6*1.1,"error","aceptable")) -> aceptable | BA48: =IF(T48<$J$6*0.9,"error",IF(T48>$J$6,"error","aceptable")) -> aceptable | BB48: =(IF(ABS(U48)<1.05,"CONFORME",IF(ABS(AG48)<1.05,"CONFORME",IF(ABS(AS48)<2.55,"CONFORME","NO CONFORME")))) -> CONFORME | BC48: =(IF(ABS(U48)>2.05,"NO CONFORME",IF(ABS(AG48)>2.05,"NO CONFORME",IF(ABS(AS48)>5.05,"NO CONFORME","CONFORME")))) -> CONFORME | BD48: =SIGN(U48) -> -1 | BE48: =SIGN(AG48) -> -1 | BF48: =SIGN(AS48) -> 1 | BG48: =CONCATENATE(BD48,BE48,BF48) -> -1-11 | BH48: =IF(BG48="111","SI","SD") -> SD | BI48: =IF(BG48="-1-1-1","SI","SD") -> SD | BJ48: =OR(BH48="SI",BI48="SI") -> FALSE | BK48: =IF(BJ48=FALSE,"SIGDIFERENTES","SIGIGUALES") -> SIGDIFERENTES | BL48: =IF(BC48="NO CONFORME","NO CONFORME",IF(BB48="CONFORME","CONFORME","NO CONFORME")) -> CONFORME
A49: 41 | B49: =B48 -> 45920 | C49: =C48 -> 45920 | D49: =D48 -> 3 | E49: =E48 -> 8 | G49: PA25516905 | H49: =H48 -> 25.6 | I49: =I48 -> 0 | J49: =J48 -> 20.9 | K49: =K48 -> 8.473 | L49: =L48 -> 0.521 | M49: 110.91 | N49: 210.69 | O49: =O48 -> 100.48 | P49: =P48 -> 2,29,610 | Q49: =LEFT(P49,1) -> 2 | R49: =RIGHT(P49,6) -> 29,610 | S49: =+(Q49*60+R49)/(60*60) -> 0.041558333 | T49: =+O49/S49 -> 2417.8063 | U49: =+(((N49-M49-O49)/O49)*100) -> -0.69665605 | V49: =V48 -> 21.3 | W49: =W48 -> 1.096 | X49: =X48 -> 1.088 | Y49: 216.05 | Z49: 225.95 | AA49: =AA48 -> 10.01 | AB49: =AB48 -> 22,44,380 | AC49: =LEFT(AB49,2) -> 22 | AD49: =RIGHT(AB49,6) -> 44,380 | AE49: =+(AC49*60+AD49)/(60*60) -> 0.37899444 | AF49: =+AA49/AE49 -> 26.411997 | AG49: =+(((Z49-Y49-AA49)/AA49)*100) -> -1.0989011 | AH49: =AH48 -> 21.5 | AI49: =AI48 -> 1.097 | AJ49: =AJ48 -> 1.089 | AK49: =Z49 -> 225.95 | AL49: 230.9 | AM49: =AM48 -> 5.01 | AN49: =AN48 -> 18,16,100 | AO49: =LEFT(AN49,2) -> 18 | AP49: =RIGHT(AN49,6) -> 16,100 | AQ49: =+(AO49*60+AP49)/(60*60) -> 0.30447222 | AR49: =+AM49/AQ49 -> 16.454703 | AS49: =+(((AL49-AK49-AM49)/AM49)*100) -> -1.1976048 | AT49: =IF(I49>=1,"NO CONFORME",IF(BK49="SIGDIFERENTES",BC49,BL49)) -> CONFORME | AU49: =B49<=C49 -> TRUE | AV49: =N49<Y49 -> TRUE | AW49: =Z49<=AK49 -> TRUE | AX49: =IF(I49>=1,"Qcorrecto",IF(AND(AY49="aceptable",AZ49="aceptable",BA49="aceptable"),"Qcorrecto","Qincorrecto")) -> Qcorrecto | AY49: =IF(AR49<$AH$6,"error",IF(AR49>$AH$6*1.1,"error","aceptable")) -> aceptable | AZ49: =IF(AF49<$V$6,"error",IF(AF49>$V$6*1.1,"error","aceptable")) -> aceptable | BA49: =IF(T49<$J$6*0.9,"error",IF(T49>$J$6,"error","aceptable")) -> aceptable | BB49: =(IF(ABS(U49)<1.05,"CONFORME",IF(ABS(AG49)<1.05,"CONFORME",IF(ABS(AS49)<2.55,"CONFORME","NO CONFORME")))) -> CONFORME | BC49: =(IF(ABS(U49)>2.05,"NO CONFORME",IF(ABS(AG49)>2.05,"NO CONFORME",IF(ABS(AS49)>5.05,"NO CONFORME","CONFORME")))) -> CONFORME | BD49: =SIGN(U49) -> -1 | BE49: =SIGN(AG49) -> -1 | BF49: =SIGN(AS49) -> -1 | BG49: =CONCATENATE(BD49,BE49,BF49) -> -1-1-1 | BH49: =IF(BG49="111","SI","SD") -> SD | BI49: =IF(BG49="-1-1-1","SI","SD") -> SI | BJ49: =OR(BH49="SI",BI49="SI") -> TRUE | BK49: =IF(BJ49=FALSE,"SIGDIFERENTES","SIGIGUALES") -> SIGIGUALES | BL49: =IF(BC49="NO CONFORME","NO CONFORME",IF(BB49="CONFORME","CONFORME","NO CONFORME")) -> CONFORME
A50: 42 | B50: =B49 -> 45920 | C50: =C49 -> 45920 | D50: =D49 -> 3 | E50: =E49 -> 8 | G50: PA25516906 | H50: =H49 -> 25.6 | I50: =I49 -> 0 | J50: =J49 -> 20.9 | K50: =K49 -> 8.473 | L50: =L49 -> 0.521 | M50: 111.19 | N50: 211.29 | O50: =O49 -> 100.48 | P50: =P49 -> 2,29,610 | Q50: =LEFT(P50,1) -> 2 | R50: =RIGHT(P50,6) -> 29,610 | S50: =+(Q50*60+R50)/(60*60) -> 0.041558333 | T50: =+O50/S50 -> 2417.8063 | U50: =+(((N50-M50-O50)/O50)*100) -> -0.37818471 | V50: =V49 -> 21.3 | W50: =W49 -> 1.096 | X50: =X49 -> 1.088 | Y50: 216.67 | Z50: 226.6 | AA50: =AA49 -> 10.01 | AB50: =AB49 -> 22,44,380 | AC50: =LEFT(AB50,2) -> 22 | AD50: =RIGHT(AB50,6) -> 44,380 | AE50: =+(AC50*60+AD50)/(60*60) -> 0.37899444 | AF50: =+AA50/AE50 -> 26.411997 | AG50: =+(((Z50-Y50-AA50)/AA50)*100) -> -0.7992008 | AH50: =AH49 -> 21.5 | AI50: =AI49 -> 1.097 | AJ50: =AJ49 -> 1.089 | AK50: =Z50 -> 226.6 | AL50: 231.6 | AM50: =AM49 -> 5.01 | AN50: =AN49 -> 18,16,100 | AO50: =LEFT(AN50,2) -> 18 | AP50: =RIGHT(AN50,6) -> 16,100 | AQ50: =+(AO50*60+AP50)/(60*60) -> 0.30447222 | AR50: =+AM50/AQ50 -> 16.454703 | AS50: =+(((AL50-AK50-AM50)/AM50)*100) -> -0.1996008 | AT50: =IF(I50>=1,"NO CONFORME",IF(BK50="SIGDIFERENTES",BC50,BL50)) -> CONFORME | AU50: =B50<=C50 -> TRUE | AV50: =N50<Y50 -> TRUE | AW50: =Z50<=AK50 -> TRUE | AX50: =IF(I50>=1,"Qcorrecto",IF(AND(AY50="aceptable",AZ50="aceptable",BA50="aceptable"),"Qcorrecto","Qincorrecto")) -> Qcorrecto | AY50: =IF(AR50<$AH$6,"error",IF(AR50>$AH$6*1.1,"error","aceptable")) -> aceptable | AZ50: =IF(AF50<$V$6,"error",IF(AF50>$V$6*1.1,"error","aceptable")) -> aceptable | BA50: =IF(T50<$J$6*0.9,"error",IF(T50>$J$6,"error","aceptable")) -> aceptable | BB50: =(IF(ABS(U50)<1.05,"CONFORME",IF(ABS(AG50)<1.05,"CONFORME",IF(ABS(AS50)<2.55,"CONFORME","NO CONFORME")))) -> CONFORME | BC50: =(IF(ABS(U50)>2.05,"NO CONFORME",IF(ABS(AG50)>2.05,"NO CONFORME",IF(ABS(AS50)>5.05,"NO CONFORME","CONFORME")))) -> CONFORME | BD50: =SIGN(U50) -> -1 | BE50: =SIGN(AG50) -> -1 | BF50: =SIGN(AS50) -> -1 | BG50: =CONCATENATE(BD50,BE50,BF50) -> -1-1-1 | BH50: =IF(BG50="111","SI","SD") -> SD | BI50: =IF(BG50="-1-1-1","SI","SD") -> SI | BJ50: =OR(BH50="SI",BI50="SI") -> TRUE | BK50: =IF(BJ50=FALSE,"SIGDIFERENTES","SIGIGUALES") -> SIGIGUALES | BL50: =IF(BC50="NO CONFORME","NO CONFORME",IF(BB50="CONFORME","CONFORME","NO CONFORME")) -> CONFORME
A51: 43 | B51: =B50 -> 45920 | C51: =C50 -> 45920 | D51: =D50 -> 3 | E51: =E50 -> 8 | G51: PA25516907 | H51: =H50 -> 25.6 | I51: =I50 -> 0 | J51: =J50 -> 20.9 | K51: =K50 -> 8.473 | L51: =L50 -> 0.521 | M51: 150.38 | N51: 250.2 | O51: =O50 -> 100.48 | P51: =P50 -> 2,29,610 | Q51: =LEFT(P51,1) -> 2 | R51: =RIGHT(P51,6) -> 29,610 | S51: =+(Q51*60+R51)/(60*60) -> 0.041558333 | T51: =+O51/S51 -> 2417.8063 | U51: =+(((N51-M51-O51)/O51)*100) -> -0.65684713 | V51: =V50 -> 21.3 | W51: =W50 -> 1.096 | X51: =X50 -> 1.088 | Y51: 255.6 | Z51: 265.54 | AA51: =AA50 -> 10.01 | AB51: =AB50 -> 22,44,380 | AC51: =LEFT(AB51,2) -> 22 | AD51: =RIGHT(AB51,6) -> 44,380 | AE51: =+(AC51*60+AD51)/(60*60) -> 0.37899444 | AF51: =+AA51/AE51 -> 26.411997 | AG51: =+(((Z51-Y51-AA51)/AA51)*100) -> -0.6993007 | AH51: =AH50 -> 21.5 | AI51: =AI50 -> 1.097 | AJ51: =AJ50 -> 1.089 | AK51: =Z51 -> 265.54 | AL51: 270.54 | AM51: =AM50 -> 5.01 | AN51: =AN50 -> 18,16,100 | AO51: =LEFT(AN51,2) -> 18 | AP51: =RIGHT(AN51,6) -> 16,100 | AQ51: =+(AO51*60+AP51)/(60*60) -> 0.30447222 | AR51: =+AM51/AQ51 -> 16.454703 | AS51: =+(((AL51-AK51-AM51)/AM51)*100) -> -0.1996008 | AT51: =IF(I51>=1,"NO CONFORME",IF(BK51="SIGDIFERENTES",BC51,BL51)) -> CONFORME | AU51: =B51<=C51 -> TRUE | AV51: =N51<Y51 -> TRUE | AW51: =Z51<=AK51 -> TRUE | AX51: =IF(I51>=1,"Qcorrecto",IF(AND(AY51="aceptable",AZ51="aceptable",BA51="aceptable"),"Qcorrecto","Qincorrecto")) -> Qcorrecto | AY51: =IF(AR51<$AH$6,"error",IF(AR51>$AH$6*1.1,"error","aceptable")) -> aceptable | AZ51: =IF(AF51<$V$6,"error",IF(AF51>$V$6*1.1,"error","aceptable")) -> aceptable | BA51: =IF(T51<$J$6*0.9,"error",IF(T51>$J$6,"error","aceptable")) -> aceptable | BB51: =(IF(ABS(U51)<1.05,"CONFORME",IF(ABS(AG51)<1.05,"CONFORME",IF(ABS(AS51)<2.55,"CONFORME","NO CONFORME")))) -> CONFORME | BC51: =(IF(ABS(U51)>2.05,"NO CONFORME",IF(ABS(AG51)>2.05,"NO CONFORME",IF(ABS(AS51)>5.05,"NO CONFORME","CONFORME")))) -> CONFORME | BD51: =SIGN(U51) -> -1 | BE51: =SIGN(AG51) -> -1 | BF51: =SIGN(AS51) -> -1 | BG51: =CONCATENATE(BD51,BE51,BF51) -> -1-1-1 | BH51: =IF(BG51="111","SI","SD") -> SD | BI51: =IF(BG51="-1-1-1","SI","SD") -> SI | BJ51: =OR(BH51="SI",BI51="SI") -> TRUE | BK51: =IF(BJ51=FALSE,"SIGDIFERENTES","SIGIGUALES") -> SIGIGUALES | BL51: =IF(BC51="NO CONFORME","NO CONFORME",IF(BB51="CONFORME","CONFORME","NO CONFORME")) -> CONFORME
A52: 44 | B52: =B51 -> 45920 | C52: =C51 -> 45920 | D52: =D51 -> 3 | E52: =E51 -> 8 | G52: PA25516908 | H52: =H51 -> 25.6 | I52: =I51 -> 0 | J52: =J51 -> 20.9 | K52: =K51 -> 8.473 | L52: =L51 -> 0.521 | M52: 151.56 | N52: 251.86 | O52: =O51 -> 100.48 | P52: =P51 -> 2,29,610 | Q52: =LEFT(P52,1) -> 2 | R52: =RIGHT(P52,6) -> 29,610 | S52: =+(Q52*60+R52)/(60*60) -> 0.041558333 | T52: =+O52/S52 -> 2417.8063 | U52: =+(((N52-M52-O52)/O52)*100) -> -0.17914013 | V52: =V51 -> 21.3 | W52: =W51 -> 1.096 | X52: =X51 -> 1.088 | Y52: 257.29 | Z52: 267.2 | AA52: =AA51 -> 10.01 | AB52: =AB51 -> 22,44,380 | AC52: =LEFT(AB52,2) -> 22 | AD52: =RIGHT(AB52,6) -> 44,380 | AE52: =+(AC52*60+AD52)/(60*60) -> 0.37899444 | AF52: =+AA52/AE52 -> 26.411997 | AG52: =+(((Z52-Y52-AA52)/AA52)*100) -> -0.999001 | AH52: =AH51 -> 21.5 | AI52: =AI51 -> 1.097 | AJ52: =AJ51 -> 1.089 | AK52: =Z52 -> 267.2 | AL52: 272.17 | AM52: =AM51 -> 5.01 | AN52: =AN51 -> 18,16,100 | AO52: =LEFT(AN52,2) -> 18 | AP52: =RIGHT(AN52,6) -> 16,100 | AQ52: =+(AO52*60+AP52)/(60*60) -> 0.30447222 | AR52: =+AM52/AQ52 -> 16.454703 | AS52: =+(((AL52-AK52-AM52)/AM52)*100) -> -0.79840319 | AT52: =IF(I52>=1,"NO CONFORME",IF(BK52="SIGDIFERENTES",BC52,BL52)) -> CONFORME | AU52: =B52<=C52 -> TRUE | AV52: =N52<Y52 -> TRUE | AW52: =Z52<=AK52 -> TRUE | AX52: =IF(I52>=1,"Qcorrecto",IF(AND(AY52="aceptable",AZ52="aceptable",BA52="aceptable"),"Qcorrecto","Qincorrecto")) -> Qcorrecto | AY52: =IF(AR52<$AH$6,"error",IF(AR52>$AH$6*1.1,"error","aceptable")) -> aceptable | AZ52: =IF(AF52<$V$6,"error",IF(AF52>$V$6*1.1,"error","aceptable")) -> aceptable | BA52: =IF(T52<$J$6*0.9,"error",IF(T52>$J$6,"error","aceptable")) -> aceptable | BB52: =(IF(ABS(U52)<1.05,"CONFORME",IF(ABS(AG52)<1.05,"CONFORME",IF(ABS(AS52)<2.55,"CONFORME","NO CONFORME")))) -> CONFORME | BC52: =(IF(ABS(U52)>2.05,"NO CONFORME",IF(ABS(AG52)>2.05,"NO CONFORME",IF(ABS(AS52)>5.05,"NO CONFORME","CONFORME")))) -> CONFORME | BD52: =SIGN(U52) -> -1 | BE52: =SIGN(AG52) -> -1 | BF52: =SIGN(AS52) -> -1 | BG52: =CONCATENATE(BD52,BE52,BF52) -> -1-1-1 | BH52: =IF(BG52="111","SI","SD") -> SD | BI52: =IF(BG52="-1-1-1","SI","SD") -> SI | BJ52: =OR(BH52="SI",BI52="SI") -> TRUE | BK52: =IF(BJ52=FALSE,"SIGDIFERENTES","SIGIGUALES") -> SIGIGUALES | BL52: =IF(BC52="NO CONFORME","NO CONFORME",IF(BB52="CONFORME","CONFORME","NO CONFORME")) -> CONFORME
A53: 45 | B53: =B52 -> 45920 | C53: =C52 -> 45920 | D53: =D52 -> 3 | E53: =E52 -> 8 | G53: PA25516909 | H53: =H52 -> 25.6 | I53: =I52 -> 0 | J53: =J52 -> 20.9 | K53: =K52 -> 8.473 | L53: =L52 -> 0.521 | M53: 112.35 | N53: 212.11 | O53: =O52 -> 100.48 | P53: =P52 -> 2,29,610 | Q53: =LEFT(P53,1) -> 2 | R53: =RIGHT(P53,6) -> 29,610 | S53: =+(Q53*60+R53)/(60*60) -> 0.041558333 | T53: =+O53/S53 -> 2417.8063 | U53: =+(((N53-M53-O53)/O53)*100) -> -0.71656051 | V53: =V52 -> 21.3 | W53: =W52 -> 1.096 | X53: =X52 -> 1.088 | Y53: 217.53 | Z53: 227.54 | AA53: =AA52 -> 10.01 | AB53: =AB52 -> 22,44,380 | AC53: =LEFT(AB53,2) -> 22 | AD53: =RIGHT(AB53,6) -> 44,380 | AE53: =+(AC53*60+AD53)/(60*60) -> 0.37899444 | AF53: =+AA53/AE53 -> 26.411997 | AG53: =+(((Z53-Y53-AA53)/AA53)*100) -> -8.8729113e-14 | AH53: =AH52 -> 21.5 | AI53: =AI52 -> 1.097 | AJ53: =AJ52 -> 1.089 | AK53: =Z53 -> 227.54 | AL53: 232.54 | AM53: =AM52 -> 5.01 | AN53: =AN52 -> 18,16,100 | AO53: =LEFT(AN53,2) -> 18 | AP53: =RIGHT(AN53,6) -> 16,100 | AQ53: =+(AO53*60+AP53)/(60*60) -> 0.30447222 | AR53: =+AM53/AQ53 -> 16.454703 | AS53: =+(((AL53-AK53-AM53)/AM53)*100) -> -0.1996008 | AT53: =IF(I53>=1,"NO CONFORME",IF(BK53="SIGDIFERENTES",BC53,BL53)) -> CONFORME | AU53: =B53<=C53 -> TRUE | AV53: =N53<Y53 -> TRUE | AW53: =Z53<=AK53 -> TRUE | AX53: =IF(I53>=1,"Qcorrecto",IF(AND(AY53="aceptable",AZ53="aceptable",BA53="aceptable"),"Qcorrecto","Qincorrecto")) -> Qcorrecto | AY53: =IF(AR53<$AH$6,"error",IF(AR53>$AH$6*1.1,"error","aceptable")) -> aceptable | AZ53: =IF(AF53<$V$6,"error",IF(AF53>$V$6*1.1,"error","aceptable")) -> aceptable | BA53: =IF(T53<$J$6*0.9,"error",IF(T53>$J$6,"error","aceptable")) -> aceptable | BB53: =(IF(ABS(U53)<1.05,"CONFORME",IF(ABS(AG53)<1.05,"CONFORME",IF(ABS(AS53)<2.55,"CONFORME","NO CONFORME")))) -> CONFORME | BC53: =(IF(ABS(U53)>2.05,"NO CONFORME",IF(ABS(AG53)>2.05,"NO CONFORME",IF(ABS(AS53)>5.05,"NO CONFORME","CONFORME")))) -> CONFORME | BD53: =SIGN(U53) -> -1 | BE53: =SIGN(AG53) -> -1 | BF53: =SIGN(AS53) -> -1 | BG53: =CONCATENATE(BD53,BE53,BF53) -> -1-1-1 | BH53: =IF(BG53="111","SI","SD") -> SD | BI53: =IF(BG53="-1-1-1","SI","SD") -> SI | BJ53: =OR(BH53="SI",BI53="SI") -> TRUE | BK53: =IF(BJ53=FALSE,"SIGDIFERENTES","SIGIGUALES") -> SIGIGUALES | BL53: =IF(BC53="NO CONFORME","NO CONFORME",IF(BB53="CONFORME","CONFORME","NO CONFORME")) -> CONFORME
A54: 46 | B54: =B53 -> 45920 | C54: =C53 -> 45920 | D54: =D53 -> 3 | E54: =E53 -> 8 | G54: PA25516910 | H54: =H53 -> 25.6 | I54: =I53 -> 0 | J54: =J53 -> 20.9 | K54: =K53 -> 8.473 | L54: =L53 -> 0.521 | M54: 111.75 | N54: 211.69 | O54: =O53 -> 100.48 | P54: =P53 -> 2,29,610 | Q54: =LEFT(P54,1) -> 2 | R54: =RIGHT(P54,6) -> 29,610 | S54: =+(Q54*60+R54)/(60*60) -> 0.041558333 | T54: =+O54/S54 -> 2417.8063 | U54: =+(((N54-M54-O54)/O54)*100) -> -0.53742038 | V54: =V53 -> 21.3 | W54: =W53 -> 1.096 | X54: =X53 -> 1.088 | Y54: 217.13 | Z54: 227.12 | AA54: =AA53 -> 10.01 | AB54: =AB53 -> 22,44,380 | AC54: =LEFT(AB54,2) -> 22 | AD54: =RIGHT(AB54,6) -> 44,380 | AE54: =+(AC54*60+AD54)/(60*60) -> 0.37899444 | AF54: =+AA54/AE54 -> 26.411997 | AG54: =+(((Z54-Y54-AA54)/AA54)*100) -> -0.1998002 | AH54: =AH53 -> 21.5 | AI54: =AI53 -> 1.097 | AJ54: =AJ53 -> 1.089 | AK54: =Z54 -> 227.12 | AL54: 232.17 | AM54: =AM53 -> 5.01 | AN54: =AN53 -> 18,16,100 | AO54: =LEFT(AN54,2) -> 18 | AP54: =RIGHT(AN54,6) -> 16,100 | AQ54: =+(AO54*60+AP54)/(60*60) -> 0.30447222 | AR54: =+AM54/AQ54 -> 16.454703 | AS54: =+(((AL54-AK54-AM54)/AM54)*100) -> 0.79840319 | AT54: =IF(I54>=1,"NO CONFORME",IF(BK54="SIGDIFERENTES",BC54,BL54)) -> CONFORME | AU54: =B54<=C54 -> TRUE | AV54: =N54<Y54 -> TRUE | AW54: =Z54<=AK54 -> TRUE | AX54: =IF(I54>=1,"Qcorrecto",IF(AND(AY54="aceptable",AZ54="aceptable",BA54="aceptable"),"Qcorrecto","Qincorrecto")) -> Qcorrecto | AY54: =IF(AR54<$AH$6,"error",IF(AR54>$AH$6*1.1,"error","aceptable")) -> aceptable | AZ54: =IF(AF54<$V$6,"error",IF(AF54>$V$6*1.1,"error","aceptable")) -> aceptable | BA54: =IF(T54<$J$6*0.9,"error",IF(T54>$J$6,"error","aceptable")) -> aceptable | BB54: =(IF(ABS(U54)<1.05,"CONFORME",IF(ABS(AG54)<1.05,"CONFORME",IF(ABS(AS54)<2.55,"CONFORME","NO CONFORME")))) -> CONFORME | BC54: =(IF(ABS(U54)>2.05,"NO CONFORME",IF(ABS(AG54)>2.05,"NO CONFORME",IF(ABS(AS54)>5.05,"NO CONFORME","CONFORME")))) -> CONFORME | BD54: =SIGN(U54) -> -1 | BE54: =SIGN(AG54) -> -1 | BF54: =SIGN(AS54) -> 1 | BG54: =CONCATENATE(BD54,BE54,BF54) -> -1-11 | BH54: =IF(BG54="111","SI","SD") -> SD | BI54: =IF(BG54="-1-1-1","SI","SD") -> SD | BJ54: =OR(BH54="SI",BI54="SI") -> FALSE | BK54: =IF(BJ54=FALSE,"SIGDIFERENTES","SIGIGUALES") -> SIGDIFERENTES | BL54: =IF(BC54="NO CONFORME","NO CONFORME",IF(BB54="CONFORME","CONFORME","NO CONFORME")) -> CONFORME
A55: 47 | B55: 45919 | C55: 45919 | D55: 3 | E55: =E54 -> 8 | H55: 25.6 | I55: 0 | J55: =J54 -> 20.9 | K55: =K54 -> 8.473 | L55: =L54 -> 0.521 | O55: =O54 -> 100.48 | P55: =P54 -> 2,29,610 | V55: =V54 -> 21.3 | W55: =W54 -> 1.096 | X55: =X54 -> 1.088
A56: 48 | B56: =B54 -> 45920 | C56: =C54 -> 45920 | D56: =D54 -> 3 | E56: =E55 -> 8 | G56: PA25516911 | H56: =H54 -> 25.6 | I56: =I54 -> 0 | J56: =J55 -> 20.9 | K56: =K55 -> 8.473 | L56: =L55 -> 0.521 | M56: 111.16 | N56: 210.13 | O56: =O55 -> 100.48 | P56: =P55 -> 2,29,610 | Q56: =LEFT(P56,1) -> 2 | R56: =RIGHT(P56,6) -> 29,610 | S56: =+(Q56*60+R56)/(60*60) -> 0.041558333 | T56: =+O56/S56 -> 2417.8063 | U56: =+(((N56-M56-O56)/O56)*100) -> -1.5027866 | V56: =V55 -> 21.3 | W56: =W55 -> 1.096 | X56: =X55 -> 1.088 | Y56: 215.53 | Z56: 225.48 | AA56: =AA54 -> 10.01 | AB56: =AB54 -> 22,44,380 | AC56: =LEFT(AB56,2) -> 22 | AD56: =RIGHT(AB56,6) -> 44,380 | AE56: =+(AC56*60+AD56)/(60*60) -> 0.37899444 | AF56: =+AA56/AE56 -> 26.411997 | AG56: =+(((Z56-Y56-AA56)/AA56)*100) -> -0.5994006 | AH56: =AH54 -> 21.5 | AI56: =AI54 -> 1.097 | AJ56: =AJ54 -> 1.089 | AK56: =Z56 -> 225.48 | AL56: 230.51 | AM56: =AM54 -> 5.01 | AN56: =AN54 -> 18,16,100 | AO56: =LEFT(AN56,2) -> 18 | AP56: =RIGHT(AN56,6) -> 16,100 | AQ56: =+(AO56*60+AP56)/(60*60) -> 0.30447222 | AR56: =+AM56/AQ56 -> 16.454703 | AS56: =+(((AL56-AK56-AM56)/AM56)*100) -> 0.3992016 | AT56: =IF(I56>=1,"NO CONFORME",IF(BK56="SIGDIFERENTES",BC56,BL56)) -> CONFORME | AU56: =B56<=C56 -> TRUE | AV56: =N56<Y56 -> TRUE | AW56: =Z56<=AK56 -> TRUE | AX56: =IF(I56>=1,"Qcorrecto",IF(AND(AY56="aceptable",AZ56="aceptable",BA56="aceptable"),"Qcorrecto","Qincorrecto")) -> Qcorrecto | AY56: =IF(AR56<$AH$6,"error",IF(AR56>$AH$6*1.1,"error","aceptable")) -> aceptable | AZ56: =IF(AF56<$V$6,"error",IF(AF56>$V$6*1.1,"error","aceptable")) -> aceptable | BA56: =IF(T56<$J$6*0.9,"error",IF(T56>$J$6,"error","aceptable")) -> aceptable | BB56: =(IF(ABS(U56)<1.05,"CONFORME",IF(ABS(AG56)<1.05,"CONFORME",IF(ABS(AS56)<2.55,"CONFORME","NO CONFORME")))) -> CONFORME | BC56: =(IF(ABS(U56)>2.05,"NO CONFORME",IF(ABS(AG56)>2.05,"NO CONFORME",IF(ABS(AS56)>5.05,"NO CONFORME","CONFORME")))) -> CONFORME | BD56: =SIGN(U56) -> -1 | BE56: =SIGN(AG56) -> -1 | BF56: =SIGN(AS56) -> 1 | BG56: =CONCATENATE(BD56,BE56,BF56) -> -1-11 | BH56: =IF(BG56="111","SI","SD") -> SD | BI56: =IF(BG56="-1-1-1","SI","SD") -> SD | BJ56: =OR(BH56="SI",BI56="SI") -> FALSE | BK56: =IF(BJ56=FALSE,"SIGDIFERENTES","SIGIGUALES") -> SIGDIFERENTES | BL56: =IF(BC56="NO CONFORME","NO CONFORME",IF(BB56="CONFORME","CONFORME","NO CONFORME")) -> CONFORME
A57: 49 | B57: =B56 -> 45920 | C57: =C56 -> 45920 | D57: =D56 -> 3 | E57: =E56 -> 8 | G57: PA25516912 | H57: =H56 -> 25.6 | I57: =I56 -> 0 | J57: =J56 -> 20.9 | K57: =K56 -> 8.473 | L57: =L56 -> 0.521 | M57: 110.2 | N57: 210 | O57: =O56 -> 100.48 | P57: =P56 -> 2,29,610 | Q57: =LEFT(P57,1) -> 2 | R57: =RIGHT(P57,6) -> 29,610 | S57: =+(Q57*60+R57)/(60*60) -> 0.041558333 | T57: =+O57/S57 -> 2417.8063 | U57: =+(((N57-M57-O57)/O57)*100) -> -0.67675159 | V57: =V56 -> 21.3 | W57: =W56 -> 1.096 | X57: =X56 -> 1.088 | Y57: 215.41 | Z57: 225.34 | AA57: =AA56 -> 10.01 | AB57: =AB56 -> 22,44,380 | AC57: =LEFT(AB57,2) -> 22 | AD57: =RIGHT(AB57,6) -> 44,380 | AE57: =+(AC57*60+AD57)/(60*60) -> 0.37899444 | AF57: =+AA57/AE57 -> 26.411997 | AG57: =+(((Z57-Y57-AA57)/AA57)*100) -> -0.7992008 | AH57: =AH56 -> 21.5 | AI57: =AI56 -> 1.097 | AJ57: =AJ56 -> 1.089 | AK57: =Z57 -> 225.34 | AL57: 230.35 | AM57: =AM56 -> 5.01 | AN57: =AN56 -> 18,16,100 | AO57: =LEFT(AN57,2) -> 18 | AP57: =RIGHT(AN57,6) -> 16,100 | AQ57: =+(AO57*60+AP57)/(60*60) -> 0.30447222 | AR57: =+AM57/AQ57 -> 16.454703 | AS57: =+(((AL57-AK57-AM57)/AM57)*100) -> -1.7728112e-13 | AT57: =IF(I57>=1,"NO CONFORME",IF(BK57="SIGDIFERENTES",BC57,BL57)) -> CONFORME | AU57: =B57<=C57 -> TRUE | AV57: =N57<Y57 -> TRUE | AW57: =Z57<=AK57 -> TRUE | AX57: =IF(I57>=1,"Qcorrecto",IF(AND(AY57="aceptable",AZ57="aceptable",BA57="aceptable"),"Qcorrecto","Qincorrecto")) -> Qcorrecto | AY57: =IF(AR57<$AH$6,"error",IF(AR57>$AH$6*1.1,"error","aceptable")) -> aceptable | AZ57: =IF(AF57<$V$6,"error",IF(AF57>$V$6*1.1,"error","aceptable")) -> aceptable | BA57: =IF(T57<$J$6*0.9,"error",IF(T57>$J$6,"error","aceptable")) -> aceptable | BB57: =(IF(ABS(U57)<1.05,"CONFORME",IF(ABS(AG57)<1.05,"CONFORME",IF(ABS(AS57)<2.55,"CONFORME","NO CONFORME")))) -> CONFORME | BC57: =(IF(ABS(U57)>2.05,"NO CONFORME",IF(ABS(AG57)>2.05,"NO CONFORME",IF(ABS(AS57)>5.05,"NO CONFORME","CONFORME")))) -> CONFORME | BD57: =SIGN(U57) -> -1 | BE57: =SIGN(AG57) -> -1 | BF57: =SIGN(AS57) -> -1 | BG57: =CONCATENATE(BD57,BE57,BF57) -> -1-1-1 | BH57: =IF(BG57="111","SI","SD") -> SD | BI57: =IF(BG57="-1-1-1","SI","SD") -> SI | BJ57: =OR(BH57="SI",BI57="SI") -> TRUE | BK57: =IF(BJ57=FALSE,"SIGDIFERENTES","SIGIGUALES") -> SIGIGUALES | BL57: =IF(BC57="NO CONFORME","NO CONFORME",IF(BB57="CONFORME","CONFORME","NO CONFORME")) -> CONFORME
A58: 50 | B58: =B57 -> 45920 | C58: =C57 -> 45920 | D58: =D57 -> 3 | E58: =E57 -> 8 | H58: =H57 -> 25.6 | I58: =I57 -> 0 | J58: =J57 -> 20.9 | K58: =K57 -> 8.473 | L58: =L57 -> 0.521 | O58: =O57 -> 100.48 | P58: =P57 -> 2,29,610 | Q58: =LEFT(P58,1) -> 2 | R58: =RIGHT(P58,6) -> 29,610 | S58: =+(Q58*60+R58)/(60*60) -> 0.041558333 | T58: =+O58/S58 -> 2417.8063 | U58: =+(((N58-M58-O58)/O58)*100) -> -100 | V58: =V57 -> 21.3 | W58: =W57 -> 1.096 | X58: =X57 -> 1.088 | AA58: 5.018 | AB58: 11,12,670 | AC58: =LEFT(AB58,2) -> 11 | AD58: =RIGHT(AB58,6) -> 12,670 | AE58: =+(AC58*60+AD58)/(60*60) -> 0.18685278 | AF58: =+AA58/AE58 -> 26.855367 | AG58: =+(((Z58-Y58-AA58)/AA58)*100) -> -100 | AH58: 18.4 | AI58: 1.098 | AJ58: 1.087 | AK58: =Z58 -> 0 | AM58: 2.005 | AN58: 7,19,050 | AO58: =LEFT(AN58,2) -> 7, | AP58: =RIGHT(AN58,6) -> 19,050 | AQ58: =+(AO58*60+AP58)/(60*60) -> 0.12195833 | AR58: =+AM58/AQ58 -> 16.440041 | AS58: =+(((AL58-AK58-AM58)/AM58)*100) -> -100 | AT58: =IF(I58>=1,"NO CONFORME",IF(BK58="SIGDIFERENTES",BC58,BL58)) -> NO CONFORME | AU58: =B58<=C58 -> TRUE | AV58: =N58<Y58 -> FALSE | AW58: =Z58<=AK58 -> TRUE | AX58: =IF(I58>=1,"Qcorrecto",IF(AND(AY58="aceptable",AZ58="aceptable",BA58="aceptable"),"Qcorrecto","Qincorrecto")) -> Qcorrecto | AY58: =IF(AR58<$AH$6,"error",IF(AR58>$AH$6*1.1,"error","aceptable")) -> aceptable | AZ58: =IF(AF58<$V$6,"error",IF(AF58>$V$6*1.1,"error","aceptable")) -> aceptable | BA58: =IF(T58<$J$6*0.9,"error",IF(T58>$J$6,"error","aceptable")) -> aceptable | BB58: =(IF(ABS(U58)<1.05,"CONFORME",IF(ABS(AG58)<1.05,"CONFORME",IF(ABS(AS58)<2.55,"CONFORME","NO CONFORME")))) -> NO CONFORME | BC58: =(IF(ABS(U58)>2.05,"NO CONFORME",IF(ABS(AG58)>2.05,"NO CONFORME",IF(ABS(AS58)>5.05,"NO CONFORME","CONFORME")))) -> NO CONFORME | BD58: =SIGN(U58) -> -1 | BE58: =SIGN(AG58) -> -1 | BF58: =SIGN(AS58) -> -1 | BG58: =CONCATENATE(BD58,BE58,BF58) -> -1-1-1 | BH58: =IF(BG58="111","SI","SD") -> SD | BI58: =IF(BG58="-1-1-1","SI","SD") -> SI | BJ58: =OR(BH58="SI",BI58="SI") -> TRUE | BK58: =IF(BJ58=FALSE,"SIGDIFERENTES","SIGIGUALES") -> SIGIGUALES | BL58: =IF(BC58="NO CONFORME","NO CONFORME",IF(BB58="CONFORME","CONFORME","NO CONFORME")) -> NO CONFORME
A59: 51 | B59: =B58 -> 45920 | C59: =C58 -> 45920 | D59: =D58 -> 3 | E59: =E58 -> 8 | H59: =H58 -> 25.6 | I59: =I58 -> 0 | J59: =J58 -> 20.9 | K59: =K58 -> 8.473 | L59: =L58 -> 0.521 | O59: =O58 -> 100.48 | P59: =P58 -> 2,29,610 | Q59: =LEFT(P59,1) -> 2 | R59: =RIGHT(P59,6) -> 29,610 | S59: =+(Q59*60+R59)/(60*60) -> 0.041558333 | T59: =+O59/S59 -> 2417.8063 | U59: =+(((N59-M59-O59)/O59)*100) -> -100 | V59: =V58 -> 21.3 | W59: =W58 -> 1.096 | X59: =X58 -> 1.088 | AA59: =AA58 -> 5.018 | AB59: =AB58 -> 11,12,670 | AC59: =LEFT(AB59,2) -> 11 | AD59: =RIGHT(AB59,6) -> 12,670 | AE59: =+(AC59*60+AD59)/(60*60) -> 0.18685278 | AF59: =+AA59/AE59 -> 26.855367 | AG59: =+(((Z59-Y59-AA59)/AA59)*100) -> -100 | AH59: =AH58 -> 18.4 | AI59: =AI58 -> 1.098 | AJ59: =AJ58 -> 1.087 | AK59: =Z59 -> 0 | AM59: =AM58 -> 2.005 | AN59: =AN58 -> 7,19,050 | AO59: =LEFT(AN59,2) -> 7, | AP59: =RIGHT(AN59,6) -> 19,050 | AQ59: =+(AO59*60+AP59)/(60*60) -> 0.12195833 | AR59: =+AM59/AQ59 -> 16.440041 | AS59: =+(((AL59-AK59-AM59)/AM59)*100) -> -100 | AT59: =IF(I59>=1,"NO CONFORME",IF(BK59="SIGDIFERENTES",BC59,BL59)) -> NO CONFORME | AU59: =B59<=C59 -> TRUE | AV59: =N59<Y59 -> FALSE | AW59: =Z59<=AK59 -> TRUE | AX59: =IF(I59>=1,"Qcorrecto",IF(AND(AY59="aceptable",AZ59="aceptable",BA59="aceptable"),"Qcorrecto","Qincorrecto")) -> Qcorrecto | AY59: =IF(AR59<$AH$6,"error",IF(AR59>$AH$6*1.1,"error","aceptable")) -> aceptable | AZ59: =IF(AF59<$V$6,"error",IF(AF59>$V$6*1.1,"error","aceptable")) -> aceptable | BA59: =IF(T59<$J$6*0.9,"error",IF(T59>$J$6,"error","aceptable")) -> aceptable | BB59: =(IF(ABS(U59)<1.05,"CONFORME",IF(ABS(AG59)<1.05,"CONFORME",IF(ABS(AS59)<2.55,"CONFORME","NO CONFORME")))) -> NO CONFORME | BC59: =(IF(ABS(U59)>2.05,"NO CONFORME",IF(ABS(AG59)>2.05,"NO CONFORME",IF(ABS(AS59)>5.05,"NO CONFORME","CONFORME")))) -> NO CONFORME | BD59: =SIGN(U59) -> -1 | BE59: =SIGN(AG59) -> -1 | BF59: =SIGN(AS59) -> -1 | BG59: =CONCATENATE(BD59,BE59,BF59) -> -1-1-1 | BH59: =IF(BG59="111","SI","SD") -> SD | BI59: =IF(BG59="-1-1-1","SI","SD") -> SI | BJ59: =OR(BH59="SI",BI59="SI") -> TRUE | BK59: =IF(BJ59=FALSE,"SIGDIFERENTES","SIGIGUALES") -> SIGIGUALES | BL59: =IF(BC59="NO CONFORME","NO CONFORME",IF(BB59="CONFORME","CONFORME","NO CONFORME")) -> NO CONFORME
A60: 52 | B60: =B59 -> 45920 | C60: =C59 -> 45920 | D60: =D59 -> 3 | E60: =E59 -> 8 | H60: =H59 -> 25.6 | I60: =I59 -> 0 | J60: =J59 -> 20.9 | K60: =K59 -> 8.473 | L60: =L59 -> 0.521 | O60: =O59 -> 100.48 | P60: =P59 -> 2,29,610 | Q60: =LEFT(P60,1) -> 2 | R60: =RIGHT(P60,6) -> 29,610 | S60: =+(Q60*60+R60)/(60*60) -> 0.041558333 | T60: =+O60/S60 -> 2417.8063 | U60: =+(((N60-M60-O60)/O60)*100) -> -100 | V60: =V59 -> 21.3 | W60: =W59 -> 1.096 | X60: =X59 -> 1.088 | AA60: =AA59 -> 5.018 | AB60: =AB59 -> 11,12,670 | AC60: =LEFT(AB60,2) -> 11 | AD60: =RIGHT(AB60,6) -> 12,670 | AE60: =+(AC60*60+AD60)/(60*60) -> 0.18685278 | AF60: =+AA60/AE60 -> 26.855367 | AG60: =+(((Z60-Y60-AA60)/AA60)*100) -> -100 | AH60: =AH59 -> 18.4 | AI60: =AI59 -> 1.098 | AJ60: =AJ59 -> 1.087 | AK60: =Z60 -> 0 | AM60: =AM59 -> 2.005 | AN60: =AN59 -> 7,19,050 | AO60: =LEFT(AN60,2) -> 7, | AP60: =RIGHT(AN60,6) -> 19,050 | AQ60: =+(AO60*60+AP60)/(60*60) -> 0.12195833 | AR60: =+AM60/AQ60 -> 16.440041 | AS60: =+(((AL60-AK60-AM60)/AM60)*100) -> -100 | AT60: =IF(I60>=1,"NO CONFORME",IF(BK60="SIGDIFERENTES",BC60,BL60)) -> NO CONFORME | AU60: =B60<=C60 -> TRUE | AV60: =N60<Y60 -> FALSE | AW60: =Z60<=AK60 -> TRUE | AX60: =IF(I60>=1,"Qcorrecto",IF(AND(AY60="aceptable",AZ60="aceptable",BA60="aceptable"),"Qcorrecto","Qincorrecto")) -> Qcorrecto | AY60: =IF(AR60<$AH$6,"error",IF(AR60>$AH$6*1.1,"error","aceptable")) -> aceptable | AZ60: =IF(AF60<$V$6,"error",IF(AF60>$V$6*1.1,"error","aceptable")) -> aceptable | BA60: =IF(T60<$J$6*0.9,"error",IF(T60>$J$6,"error","aceptable")) -> aceptable | BB60: =(IF(ABS(U60)<1.05,"CONFORME",IF(ABS(AG60)<1.05,"CONFORME",IF(ABS(AS60)<2.55,"CONFORME","NO CONFORME")))) -> NO CONFORME | BC60: =(IF(ABS(U60)>2.05,"NO CONFORME",IF(ABS(AG60)>2.05,"NO CONFORME",IF(ABS(AS60)>5.05,"NO CONFORME","CONFORME")))) -> NO CONFORME | BD60: =SIGN(U60) -> -1 | BE60: =SIGN(AG60) -> -1 | BF60: =SIGN(AS60) -> -1 | BG60: =CONCATENATE(BD60,BE60,BF60) -> -1-1-1 | BH60: =IF(BG60="111","SI","SD") -> SD | BI60: =IF(BG60="-1-1-1","SI","SD") -> SI | BJ60: =OR(BH60="SI",BI60="SI") -> TRUE | BK60: =IF(BJ60=FALSE,"SIGDIFERENTES","SIGIGUALES") -> SIGIGUALES | BL60: =IF(BC60="NO CONFORME","NO CONFORME",IF(BB60="CONFORME","CONFORME","NO CONFORME")) -> NO CONFORME
A61: 53 | B61: =B60 -> 45920 | C61: =C60 -> 45920 | D61: =D60 -> 3 | E61: =E60 -> 8 | H61: =H60 -> 25.6 | I61: =I60 -> 0 | J61: =J60 -> 20.9 | K61: =K60 -> 8.473 | L61: =L60 -> 0.521 | O61: =O60 -> 100.48 | P61: =P60 -> 2,29,610 | Q61: =LEFT(P61,1) -> 2 | R61: =RIGHT(P61,6) -> 29,610 | S61: =+(Q61*60+R61)/(60*60) -> 0.041558333 | T61: =+O61/S61 -> 2417.8063 | U61: =+(((N61-M61-O61)/O61)*100) -> -100 | V61: =V60 -> 21.3 | W61: =W60 -> 1.096 | X61: =X60 -> 1.088 | AA61: =AA60 -> 5.018 | AB61: =AB60 -> 11,12,670 | AC61: =LEFT(AB61,2) -> 11 | AD61: =RIGHT(AB61,6) -> 12,670 | AE61: =+(AC61*60+AD61)/(60*60) -> 0.18685278 | AF61: =+AA61/AE61 -> 26.855367 | AG61: =+(((Z61-Y61-AA61)/AA61)*100) -> -100 | AH61: =AH60 -> 18.4 | AI61: =AI60 -> 1.098 | AJ61: =AJ60 -> 1.087 | AK61: =Z61 -> 0 | AM61: =AM60 -> 2.005 | AN61: =AN60 -> 7,19,050 | AO61: =LEFT(AN61,2) -> 7, | AP61: =RIGHT(AN61,6) -> 19,050 | AQ61: =+(AO61*60+AP61)/(60*60) -> 0.12195833 | AR61: =+AM61/AQ61 -> 16.440041 | AS61: =+(((AL61-AK61-AM61)/AM61)*100) -> -100 | AT61: =IF(I61>=1,"NO CONFORME",IF(BK61="SIGDIFERENTES",BC61,BL61)) -> NO CONFORME | AU61: =B61<=C61 -> TRUE | AV61: =N61<Y61 -> FALSE | AW61: =Z61<=AK61 -> TRUE | AX61: =IF(I61>=1,"Qcorrecto",IF(AND(AY61="aceptable",AZ61="aceptable",BA61="aceptable"),"Qcorrecto","Qincorrecto")) -> Qcorrecto | AY61: =IF(AR61<$AH$6,"error",IF(AR61>$AH$6*1.1,"error","aceptable")) -> aceptable | AZ61: =IF(AF61<$V$6,"error",IF(AF61>$V$6*1.1,"error","aceptable")) -> aceptable | BA61: =IF(T61<$J$6*0.9,"error",IF(T61>$J$6,"error","aceptable")) -> aceptable | BB61: =(IF(ABS(U61)<1.05,"CONFORME",IF(ABS(AG61)<1.05,"CONFORME",IF(ABS(AS61)<2.55,"CONFORME","NO CONFORME")))) -> NO CONFORME | BC61: =(IF(ABS(U61)>2.05,"NO CONFORME",IF(ABS(AG61)>2.05,"NO CONFORME",IF(ABS(AS61)>5.05,"NO CONFORME","CONFORME")))) -> NO CONFORME | BD61: =SIGN(U61) -> -1 | BE61: =SIGN(AG61) -> -1 | BF61: =SIGN(AS61) -> -1 | BG61: =CONCATENATE(BD61,BE61,BF61) -> -1-1-1 | BH61: =IF(BG61="111","SI","SD") -> SD | BI61: =IF(BG61="-1-1-1","SI","SD") -> SI | BJ61: =OR(BH61="SI",BI61="SI") -> TRUE | BK61: =IF(BJ61=FALSE,"SIGDIFERENTES","SIGIGUALES") -> SIGIGUALES | BL61: =IF(BC61="NO CONFORME","NO CONFORME",IF(BB61="CONFORME","CONFORME","NO CONFORME")) -> NO CONFORME
A62: 54 | B62: =B61 -> 45920 | C62: =C61 -> 45920 | D62: =D61 -> 3 | E62: =E61 -> 8 | H62: =H61 -> 25.6 | I62: =I61 -> 0 | J62: =J61 -> 20.9 | K62: =K61 -> 8.473 | L62: =L61 -> 0.521 | O62: =O61 -> 100.48 | P62: =P61 -> 2,29,610 | Q62: =LEFT(P62,1) -> 2 | R62: =RIGHT(P62,6) -> 29,610 | S62: =+(Q62*60+R62)/(60*60) -> 0.041558333 | T62: =+O62/S62 -> 2417.8063 | U62: =+(((N62-M62-O62)/O62)*100) -> -100 | V62: =V61 -> 21.3 | W62: =W61 -> 1.096 | X62: =X61 -> 1.088 | AA62: =AA61 -> 5.018 | AB62: =AB61 -> 11,12,670 | AC62: =LEFT(AB62,2) -> 11 | AD62: =RIGHT(AB62,6) -> 12,670 | AE62: =+(AC62*60+AD62)/(60*60) -> 0.18685278 | AF62: =+AA62/AE62 -> 26.855367 | AG62: =+(((Z62-Y62-AA62)/AA62)*100) -> -100 | AH62: =AH61 -> 18.4 | AI62: =AI61 -> 1.098 | AJ62: =AJ61 -> 1.087 | AK62: =Z62 -> 0 | AM62: =AM61 -> 2.005 | AN62: =AN61 -> 7,19,050 | AO62: =LEFT(AN62,2) -> 7, | AP62: =RIGHT(AN62,6) -> 19,050 | AQ62: =+(AO62*60+AP62)/(60*60) -> 0.12195833 | AR62: =+AM62/AQ62 -> 16.440041 | AS62: =+(((AL62-AK62-AM62)/AM62)*100) -> -100 | AT62: =IF(I62>=1,"NO CONFORME",IF(BK62="SIGDIFERENTES",BC62,BL62)) -> NO CONFORME | AU62: =B62<=C62 -> TRUE | AV62: =N62<Y62 -> FALSE | AW62: =Z62<=AK62 -> TRUE | AX62: =IF(I62>=1,"Qcorrecto",IF(AND(AY62="aceptable",AZ62="aceptable",BA62="aceptable"),"Qcorrecto","Qincorrecto")) -> Qcorrecto | AY62: =IF(AR62<$AH$6,"error",IF(AR62>$AH$6*1.1,"error","aceptable")) -> aceptable | AZ62: =IF(AF62<$V$6,"error",IF(AF62>$V$6*1.1,"error","aceptable")) -> aceptable | BA62: =IF(T62<$J$6*0.9,"error",IF(T62>$J$6,"error","aceptable")) -> aceptable | BB62: =(IF(ABS(U62)<1.05,"CONFORME",IF(ABS(AG62)<1.05,"CONFORME",IF(ABS(AS62)<2.55,"CONFORME","NO CONFORME")))) -> NO CONFORME | BC62: =(IF(ABS(U62)>2.05,"NO CONFORME",IF(ABS(AG62)>2.05,"NO CONFORME",IF(ABS(AS62)>5.05,"NO CONFORME","CONFORME")))) -> NO CONFORME | BD62: =SIGN(U62) -> -1 | BE62: =SIGN(AG62) -> -1 | BF62: =SIGN(AS62) -> -1 | BG62: =CONCATENATE(BD62,BE62,BF62) -> -1-1-1 | BH62: =IF(BG62="111","SI","SD") -> SD | BI62: =IF(BG62="-1-1-1","SI","SD") -> SI | BJ62: =OR(BH62="SI",BI62="SI") -> TRUE | BK62: =IF(BJ62=FALSE,"SIGDIFERENTES","SIGIGUALES") -> SIGIGUALES | BL62: =IF(BC62="NO CONFORME","NO CONFORME",IF(BB62="CONFORME","CONFORME","NO CONFORME")) -> NO CONFORME
A63: 55 | B63: =B62 -> 45920 | C63: =C62 -> 45920 | D63: =D62 -> 3 | E63: =E62 -> 8 | H63: =H62 -> 25.6 | I63: =I62 -> 0 | J63: =J62 -> 20.9 | K63: =K62 -> 8.473 | L63: =L62 -> 0.521 | O63: =O62 -> 100.48 | P63: =P62 -> 2,29,610 | Q63: =LEFT(P63,1) -> 2 | R63: =RIGHT(P63,6) -> 29,610 | S63: =+(Q63*60+R63)/(60*60) -> 0.041558333 | T63: =+O63/S63 -> 2417.8063 | U63: =+(((N63-M63-O63)/O63)*100) -> -100 | V63: =V62 -> 21.3 | W63: =W62 -> 1.096 | X63: =X62 -> 1.088 | AA63: =AA62 -> 5.018 | AB63: =AB62 -> 11,12,670 | AC63: =LEFT(AB63,2) -> 11 | AD63: =RIGHT(AB63,6) -> 12,670 | AE63: =+(AC63*60+AD63)/(60*60) -> 0.18685278 | AF63: =+AA63/AE63 -> 26.855367 | AG63: =+(((Z63-Y63-AA63)/AA63)*100) -> -100 | AH63: =AH62 -> 18.4 | AI63: =AI62 -> 1.098 | AJ63: =AJ62 -> 1.087 | AK63: =Z63 -> 0 | AM63: =AM62 -> 2.005 | AN63: =AN62 -> 7,19,050 | AO63: =LEFT(AN63,2) -> 7, | AP63: =RIGHT(AN63,6) -> 19,050 | AQ63: =+(AO63*60+AP63)/(60*60) -> 0.12195833 | AR63: =+AM63/AQ63 -> 16.440041 | AS63: =+(((AL63-AK63-AM63)/AM63)*100) -> -100 | AT63: =IF(I63>=1,"NO CONFORME",IF(BK63="SIGDIFERENTES",BC63,BL63)) -> NO CONFORME | AU63: =B63<=C63 -> TRUE | AV63: =N63<Y63 -> FALSE | AW63: =Z63<=AK63 -> TRUE | AX63: =IF(I63>=1,"Qcorrecto",IF(AND(AY63="aceptable",AZ63="aceptable",BA63="aceptable"),"Qcorrecto","Qincorrecto")) -> Qcorrecto | AY63: =IF(AR63<$AH$6,"error",IF(AR63>$AH$6*1.1,"error","aceptable")) -> aceptable | AZ63: =IF(AF63<$V$6,"error",IF(AF63>$V$6*1.1,"error","aceptable")) -> aceptable | BA63: =IF(T63<$J$6*0.9,"error",IF(T63>$J$6,"error","aceptable")) -> aceptable | BB63: =(IF(ABS(U63)<1.05,"CONFORME",IF(ABS(AG63)<1.05,"CONFORME",IF(ABS(AS63)<2.55,"CONFORME","NO CONFORME")))) -> NO CONFORME | BC63: =(IF(ABS(U63)>2.05,"NO CONFORME",IF(ABS(AG63)>2.05,"NO CONFORME",IF(ABS(AS63)>5.05,"NO CONFORME","CONFORME")))) -> NO CONFORME | BD63: =SIGN(U63) -> -1 | BE63: =SIGN(AG63) -> -1 | BF63: =SIGN(AS63) -> -1 | BG63: =CONCATENATE(BD63,BE63,BF63) -> -1-1-1 | BH63: =IF(BG63="111","SI","SD") -> SD | BI63: =IF(BG63="-1-1-1","SI","SD") -> SI | BJ63: =OR(BH63="SI",BI63="SI") -> TRUE | BK63: =IF(BJ63=FALSE,"SIGDIFERENTES","SIGIGUALES") -> SIGIGUALES | BL63: =IF(BC63="NO CONFORME","NO CONFORME",IF(BB63="CONFORME","CONFORME","NO CONFORME")) -> NO CONFORME
A64: 56 | B64: =B63 -> 45920 | C64: =C63 -> 45920 | D64: =D63 -> 3 | E64: =E63 -> 8 | H64: =H63 -> 25.6 | I64: =I63 -> 0 | J64: =J63 -> 20.9 | K64: =K63 -> 8.473 | L64: =L63 -> 0.521 | O64: =O63 -> 100.48 | P64: =P63 -> 2,29,610 | Q64: =LEFT(P64,1) -> 2 | R64: =RIGHT(P64,6) -> 29,610 | S64: =+(Q64*60+R64)/(60*60) -> 0.041558333 | T64: =+O64/S64 -> 2417.8063 | U64: =+(((N64-M64-O64)/O64)*100) -> -100 | V64: =V63 -> 21.3 | W64: =W63 -> 1.096 | X64: =X63 -> 1.088 | AA64: =AA63 -> 5.018 | AB64: =AB63 -> 11,12,670 | AC64: =LEFT(AB64,2) -> 11 | AD64: =RIGHT(AB64,6) -> 12,670 | AE64: =+(AC64*60+AD64)/(60*60) -> 0.18685278 | AF64: =+AA64/AE64 -> 26.855367 | AG64: =+(((Z64-Y64-AA64)/AA64)*100) -> -100 | AH64: =AH63 -> 18.4 | AI64: =AI63 -> 1.098 | AJ64: =AJ63 -> 1.087 | AK64: =Z64 -> 0 | AM64: =AM63 -> 2.005 | AN64: =AN63 -> 7,19,050 | AO64: =LEFT(AN64,2) -> 7, | AP64: =RIGHT(AN64,6) -> 19,050 | AQ64: =+(AO64*60+AP64)/(60*60) -> 0.12195833 | AR64: =+AM64/AQ64 -> 16.440041 | AS64: =+(((AL64-AK64-AM64)/AM64)*100) -> -100 | AT64: =IF(I64>=1,"NO CONFORME",IF(BK64="SIGDIFERENTES",BC64,BL64)) -> NO CONFORME | AU64: =B64<=C64 -> TRUE | AV64: =N64<Y64 -> FALSE | AW64: =Z64<=AK64 -> TRUE | AX64: =IF(I64>=1,"Qcorrecto",IF(AND(AY64="aceptable",AZ64="aceptable",BA64="aceptable"),"Qcorrecto","Qincorrecto")) -> Qcorrecto | AY64: =IF(AR64<$AH$6,"error",IF(AR64>$AH$6*1.1,"error","aceptable")) -> aceptable | AZ64: =IF(AF64<$V$6,"error",IF(AF64>$V$6*1.1,"error","aceptable")) -> aceptable | BA64: =IF(T64<$J$6*0.9,"error",IF(T64>$J$6,"error","aceptable")) -> aceptable | BB64: =(IF(ABS(U64)<1.05,"CONFORME",IF(ABS(AG64)<1.05,"CONFORME",IF(ABS(AS64)<2.55,"CONFORME","NO CONFORME")))) -> NO CONFORME | BC64: =(IF(ABS(U64)>2.05,"NO CONFORME",IF(ABS(AG64)>2.05,"NO CONFORME",IF(ABS(AS64)>5.05,"NO CONFORME","CONFORME")))) -> NO CONFORME | BD64: =SIGN(U64) -> -1 | BE64: =SIGN(AG64) -> -1 | BF64: =SIGN(AS64) -> -1 | BG64: =CONCATENATE(BD64,BE64,BF64) -> -1-1-1 | BH64: =IF(BG64="111","SI","SD") -> SD | BI64: =IF(BG64="-1-1-1","SI","SD") -> SI | BJ64: =OR(BH64="SI",BI64="SI") -> TRUE | BK64: =IF(BJ64=FALSE,"SIGDIFERENTES","SIGIGUALES") -> SIGIGUALES | BL64: =IF(BC64="NO CONFORME","NO CONFORME",IF(BB64="CONFORME","CONFORME","NO CONFORME")) -> NO CONFORME
A65: 57 | B65: =B64 -> 45920 | C65: =C64 -> 45920 | D65: =D64 -> 3 | E65: =E64 -> 8 | H65: =H64 -> 25.6 | I65: =I64 -> 0 | J65: =J64 -> 20.9 | K65: =K64 -> 8.473 | L65: =L64 -> 0.521 | O65: =O64 -> 100.48 | P65: =P64 -> 2,29,610 | Q65: =LEFT(P65,1) -> 2 | R65: =RIGHT(P65,6) -> 29,610 | S65: =+(Q65*60+R65)/(60*60) -> 0.041558333 | T65: =+O65/S65 -> 2417.8063 | U65: =+(((N65-M65-O65)/O65)*100) -> -100 | V65: =V64 -> 21.3 | W65: =W64 -> 1.096 | X65: =X64 -> 1.088 | AA65: =AA64 -> 5.018 | AB65: =AB64 -> 11,12,670 | AC65: =LEFT(AB65,2) -> 11 | AD65: =RIGHT(AB65,6) -> 12,670 | AE65: =+(AC65*60+AD65)/(60*60) -> 0.18685278 | AF65: =+AA65/AE65 -> 26.855367 | AG65: =+(((Z65-Y65-AA65)/AA65)*100) -> -100 | AH65: =AH64 -> 18.4 | AI65: =AI64 -> 1.098 | AJ65: =AJ64 -> 1.087 | AK65: =Z65 -> 0 | AM65: =AM64 -> 2.005 | AN65: =AN64 -> 7,19,050 | AO65: =LEFT(AN65,2) -> 7, | AP65: =RIGHT(AN65,6) -> 19,050 | AQ65: =+(AO65*60+AP65)/(60*60) -> 0.12195833 | AR65: =+AM65/AQ65 -> 16.440041 | AS65: =+(((AL65-AK65-AM65)/AM65)*100) -> -100 | AT65: =IF(I65>=1,"NO CONFORME",IF(BK65="SIGDIFERENTES",BC65,BL65)) -> NO CONFORME | AU65: =B65<=C65 -> TRUE | AV65: =N65<Y65 -> FALSE | AW65: =Z65<=AK65 -> TRUE | AX65: =IF(I65>=1,"Qcorrecto",IF(AND(AY65="aceptable",AZ65="aceptable",BA65="aceptable"),"Qcorrecto","Qincorrecto")) -> Qcorrecto | AY65: =IF(AR65<$AH$6,"error",IF(AR65>$AH$6*1.1,"error","aceptable")) -> aceptable | AZ65: =IF(AF65<$V$6,"error",IF(AF65>$V$6*1.1,"error","aceptable")) -> aceptable | BA65: =IF(T65<$J$6*0.9,"error",IF(T65>$J$6,"error","aceptable")) -> aceptable | BB65: =(IF(ABS(U65)<1.05,"CONFORME",IF(ABS(AG65)<1.05,"CONFORME",IF(ABS(AS65)<2.55,"CONFORME","NO CONFORME")))) -> NO CONFORME | BC65: =(IF(ABS(U65)>2.05,"NO CONFORME",IF(ABS(AG65)>2.05,"NO CONFORME",IF(ABS(AS65)>5.05,"NO CONFORME","CONFORME")))) -> NO CONFORME | BD65: =SIGN(U65) -> -1 | BE65: =SIGN(AG65) -> -1 | BF65: =SIGN(AS65) -> -1 | BG65: =CONCATENATE(BD65,BE65,BF65) -> -1-1-1 | BH65: =IF(BG65="111","SI","SD") -> SD | BI65: =IF(BG65="-1-1-1","SI","SD") -> SI | BJ65: =OR(BH65="SI",BI65="SI") -> TRUE | BK65: =IF(BJ65=FALSE,"SIGDIFERENTES","SIGIGUALES") -> SIGIGUALES | BL65: =IF(BC65="NO CONFORME","NO CONFORME",IF(BB65="CONFORME","CONFORME","NO CONFORME")) -> NO CONFORME
A66: 58 | B66: =B65 -> 45920 | C66: =C65 -> 45920 | D66: =D65 -> 3 | E66: =E65 -> 8 | H66: =H65 -> 25.6 | I66: =I65 -> 0 | J66: =J65 -> 20.9 | K66: =K65 -> 8.473 | L66: =L65 -> 0.521 | O66: =O65 -> 100.48 | P66: =P65 -> 2,29,610 | Q66: =LEFT(P66,1) -> 2 | R66: =RIGHT(P66,6) -> 29,610 | S66: =+(Q66*60+R66)/(60*60) -> 0.041558333 | T66: =+O66/S66 -> 2417.8063 | U66: =+(((N66-M66-O66)/O66)*100) -> -100 | V66: =V65 -> 21.3 | W66: =W65 -> 1.096 | X66: =X65 -> 1.088 | AA66: =AA65 -> 5.018 | AB66: =AB65 -> 11,12,670 | AC66: =LEFT(AB66,2) -> 11 | AD66: =RIGHT(AB66,6) -> 12,670 | AE66: =+(AC66*60+AD66)/(60*60) -> 0.18685278 | AF66: =+AA66/AE66 -> 26.855367 | AG66: =+(((Z66-Y66-AA66)/AA66)*100) -> -100 | AH66: =AH65 -> 18.4 | AI66: =AI65 -> 1.098 | AJ66: =AJ65 -> 1.087 | AK66: =Z66 -> 0 | AM66: =AM65 -> 2.005 | AN66: =AN65 -> 7,19,050 | AO66: =LEFT(AN66,2) -> 7, | AP66: =RIGHT(AN66,6) -> 19,050 | AQ66: =+(AO66*60+AP66)/(60*60) -> 0.12195833 | AR66: =+AM66/AQ66 -> 16.440041 | AS66: =+(((AL66-AK66-AM66)/AM66)*100) -> -100 | AT66: =IF(I66>=1,"NO CONFORME",IF(BK66="SIGDIFERENTES",BC66,BL66)) -> NO CONFORME | AU66: =B66<=C66 -> TRUE | AV66: =N66<Y66 -> FALSE | AW66: =Z66<=AK66 -> TRUE | AX66: =IF(I66>=1,"Qcorrecto",IF(AND(AY66="aceptable",AZ66="aceptable",BA66="aceptable"),"Qcorrecto","Qincorrecto")) -> Qcorrecto | AY66: =IF(AR66<$AH$6,"error",IF(AR66>$AH$6*1.1,"error","aceptable")) -> aceptable | AZ66: =IF(AF66<$V$6,"error",IF(AF66>$V$6*1.1,"error","aceptable")) -> aceptable | BA66: =IF(T66<$J$6*0.9,"error",IF(T66>$J$6,"error","aceptable")) -> aceptable | BB66: =(IF(ABS(U66)<1.05,"CONFORME",IF(ABS(AG66)<1.05,"CONFORME",IF(ABS(AS66)<2.55,"CONFORME","NO CONFORME")))) -> NO CONFORME | BC66: =(IF(ABS(U66)>2.05,"NO CONFORME",IF(ABS(AG66)>2.05,"NO CONFORME",IF(ABS(AS66)>5.05,"NO CONFORME","CONFORME")))) -> NO CONFORME | BD66: =SIGN(U66) -> -1 | BE66: =SIGN(AG66) -> -1 | BF66: =SIGN(AS66) -> -1 | BG66: =CONCATENATE(BD66,BE66,BF66) -> -1-1-1 | BH66: =IF(BG66="111","SI","SD") -> SD | BI66: =IF(BG66="-1-1-1","SI","SD") -> SI | BJ66: =OR(BH66="SI",BI66="SI") -> TRUE | BK66: =IF(BJ66=FALSE,"SIGDIFERENTES","SIGIGUALES") -> SIGIGUALES | BL66: =IF(BC66="NO CONFORME","NO CONFORME",IF(BB66="CONFORME","CONFORME","NO CONFORME")) -> NO CONFORME
A67: 59 | B67: =B66 -> 45920 | C67: =C66 -> 45920 | D67: =D66 -> 3 | E67: =E66 -> 8 | H67: =H66 -> 25.6 | I67: =I66 -> 0 | J67: =J66 -> 20.9 | K67: =K66 -> 8.473 | L67: =L66 -> 0.521 | O67: =O66 -> 100.48 | P67: =P66 -> 2,29,610 | Q67: =LEFT(P67,1) -> 2 | R67: =RIGHT(P67,6) -> 29,610 | S67: =+(Q67*60+R67)/(60*60) -> 0.041558333 | T67: =+O67/S67 -> 2417.8063 | U67: =+(((N67-M67-O67)/O67)*100) -> -100 | V67: =V66 -> 21.3 | W67: =W66 -> 1.096 | X67: =X66 -> 1.088 | AA67: =AA66 -> 5.018 | AB67: =AB66 -> 11,12,670 | AC67: =LEFT(AB67,2) -> 11 | AD67: =RIGHT(AB67,6) -> 12,670 | AE67: =+(AC67*60+AD67)/(60*60) -> 0.18685278 | AF67: =+AA67/AE67 -> 26.855367 | AG67: =+(((Z67-Y67-AA67)/AA67)*100) -> -100 | AH67: =AH66 -> 18.4 | AI67: =AI66 -> 1.098 | AJ67: =AJ66 -> 1.087 | AK67: =Z67 -> 0 | AM67: =AM66 -> 2.005 | AN67: =AN66 -> 7,19,050 | AO67: =LEFT(AN67,2) -> 7, | AP67: =RIGHT(AN67,6) -> 19,050 | AQ67: =+(AO67*60+AP67)/(60*60) -> 0.12195833 | AR67: =+AM67/AQ67 -> 16.440041 | AS67: =+(((AL67-AK67-AM67)/AM67)*100) -> -100 | AT67: =IF(I67>=1,"NO CONFORME",IF(BK67="SIGDIFERENTES",BC67,BL67)) -> NO CONFORME | AU67: =B67<=C67 -> TRUE | AV67: =N67<Y67 -> FALSE | AW67: =Z67<=AK67 -> TRUE | AX67: =IF(I67>=1,"Qcorrecto",IF(AND(AY67="aceptable",AZ67="aceptable",BA67="aceptable"),"Qcorrecto","Qincorrecto")) -> Qcorrecto | AY67: =IF(AR67<$AH$6,"error",IF(AR67>$AH$6*1.1,"error","aceptable")) -> aceptable | AZ67: =IF(AF67<$V$6,"error",IF(AF67>$V$6*1.1,"error","aceptable")) -> aceptable | BA67: =IF(T67<$J$6*0.9,"error",IF(T67>$J$6,"error","aceptable")) -> aceptable | BB67: =(IF(ABS(U67)<1.05,"CONFORME",IF(ABS(AG67)<1.05,"CONFORME",IF(ABS(AS67)<2.55,"CONFORME","NO CONFORME")))) -> NO CONFORME | BC67: =(IF(ABS(U67)>2.05,"NO CONFORME",IF(ABS(AG67)>2.05,"NO CONFORME",IF(ABS(AS67)>5.05,"NO CONFORME","CONFORME")))) -> NO CONFORME | BD67: =SIGN(U67) -> -1 | BE67: =SIGN(AG67) -> -1 | BF67: =SIGN(AS67) -> -1 | BG67: =CONCATENATE(BD67,BE67,BF67) -> -1-1-1 | BH67: =IF(BG67="111","SI","SD") -> SD | BI67: =IF(BG67="-1-1-1","SI","SD") -> SI | BJ67: =OR(BH67="SI",BI67="SI") -> TRUE | BK67: =IF(BJ67=FALSE,"SIGDIFERENTES","SIGIGUALES") -> SIGIGUALES | BL67: =IF(BC67="NO CONFORME","NO CONFORME",IF(BB67="CONFORME","CONFORME","NO CONFORME")) -> NO CONFORME
A68: 60 | B68: =B67 -> 45920 | C68: =C67 -> 45920 | D68: =D67 -> 3 | E68: =E67 -> 8 | H68: =H67 -> 25.6 | I68: =I67 -> 0 | J68: =J67 -> 20.9 | K68: =K67 -> 8.473 | L68: =L67 -> 0.521 | O68: =O67 -> 100.48 | P68: =P67 -> 2,29,610 | Q68: =LEFT(P68,1) -> 2 | R68: =RIGHT(P68,6) -> 29,610 | S68: =+(Q68*60+R68)/(60*60) -> 0.041558333 | T68: =+O68/S68 -> 2417.8063 | U68: =+(((N68-M68-O68)/O68)*100) -> -100 | V68: =V67 -> 21.3 | W68: =W67 -> 1.096 | X68: =X67 -> 1.088 | AA68: =AA67 -> 5.018 | AB68: =AB67 -> 11,12,670 | AC68: =LEFT(AB68,2) -> 11 | AD68: =RIGHT(AB68,6) -> 12,670 | AE68: =+(AC68*60+AD68)/(60*60) -> 0.18685278 | AF68: =+AA68/AE68 -> 26.855367 | AG68: =+(((Z68-Y68-AA68)/AA68)*100) -> -100 | AH68: =AH67 -> 18.4 | AI68: =AI67 -> 1.098 | AJ68: =AJ67 -> 1.087 | AK68: =Z68 -> 0 | AM68: =AM67 -> 2.005 | AN68: =AN67 -> 7,19,050 | AO68: =LEFT(AN68,2) -> 7, | AP68: =RIGHT(AN68,6) -> 19,050 | AQ68: =+(AO68*60+AP68)/(60*60) -> 0.12195833 | AR68: =+AM68/AQ68 -> 16.440041 | AS68: =+(((AL68-AK68-AM68)/AM68)*100) -> -100 | AT68: =IF(I68>=1,"NO CONFORME",IF(BK68="SIGDIFERENTES",BC68,BL68)) -> NO CONFORME | AU68: =B68<=C68 -> TRUE | AV68: =N68<Y68 -> FALSE | AW68: =Z68<=AK68 -> TRUE | AX68: =IF(I68>=1,"Qcorrecto",IF(AND(AY68="aceptable",AZ68="aceptable",BA68="aceptable"),"Qcorrecto","Qincorrecto")) -> Qcorrecto | AY68: =IF(AR68<$AH$6,"error",IF(AR68>$AH$6*1.1,"error","aceptable")) -> aceptable | AZ68: =IF(AF68<$V$6,"error",IF(AF68>$V$6*1.1,"error","aceptable")) -> aceptable | BA68: =IF(T68<$J$6*0.9,"error",IF(T68>$J$6,"error","aceptable")) -> aceptable | BB68: =(IF(ABS(U68)<1.05,"CONFORME",IF(ABS(AG68)<1.05,"CONFORME",IF(ABS(AS68)<2.55,"CONFORME","NO CONFORME")))) -> NO CONFORME | BC68: =(IF(ABS(U68)>2.05,"NO CONFORME",IF(ABS(AG68)>2.05,"NO CONFORME",IF(ABS(AS68)>5.05,"NO CONFORME","CONFORME")))) -> NO CONFORME | BD68: =SIGN(U68) -> -1 | BE68: =SIGN(AG68) -> -1 | BF68: =SIGN(AS68) -> -1 | BG68: =CONCATENATE(BD68,BE68,BF68) -> -1-1-1 | BH68: =IF(BG68="111","SI","SD") -> SD | BI68: =IF(BG68="-1-1-1","SI","SD") -> SI | BJ68: =OR(BH68="SI",BI68="SI") -> TRUE | BK68: =IF(BJ68=FALSE,"SIGDIFERENTES","SIGIGUALES") -> SIGIGUALES | BL68: =IF(BC68="NO CONFORME","NO CONFORME",IF(BB68="CONFORME","CONFORME","NO CONFORME")) -> NO CONFORME
A69: 61 | B69: =B68 -> 45920 | C69: =C68 -> 45920 | D69: =D68 -> 3 | E69: =E68 -> 8 | H69: =H68 -> 25.6 | I69: =I68 -> 0 | J69: =J68 -> 20.9 | K69: =K68 -> 8.473 | L69: =L68 -> 0.521 | O69: =O68 -> 100.48 | P69: =P68 -> 2,29,610 | Q69: =LEFT(P69,1) -> 2 | R69: =RIGHT(P69,6) -> 29,610 | S69: =+(Q69*60+R69)/(60*60) -> 0.041558333 | T69: =+O69/S69 -> 2417.8063 | U69: =+(((N69-M69-O69)/O69)*100) -> -100 | V69: =V68 -> 21.3 | W69: =W68 -> 1.096 | X69: =X68 -> 1.088 | AA69: =AA68 -> 5.018 | AB69: =AB68 -> 11,12,670 | AC69: =LEFT(AB69,2) -> 11 | AD69: =RIGHT(AB69,6) -> 12,670 | AE69: =+(AC69*60+AD69)/(60*60) -> 0.18685278 | AF69: =+AA69/AE69 -> 26.855367 | AG69: =+(((Z69-Y69-AA69)/AA69)*100) -> -100 | AH69: =AH68 -> 18.4 | AI69: =AI68 -> 1.098 | AJ69: =AJ68 -> 1.087 | AK69: =Z69 -> 0 | AM69: =AM68 -> 2.005 | AN69: =AN68 -> 7,19,050 | AO69: =LEFT(AN69,2) -> 7, | AP69: =RIGHT(AN69,6) -> 19,050 | AQ69: =+(AO69*60+AP69)/(60*60) -> 0.12195833 | AR69: =+AM69/AQ69 -> 16.440041 | AS69: =+(((AL69-AK69-AM69)/AM69)*100) -> -100 | AT69: =IF(I69>=1,"NO CONFORME",IF(BK69="SIGDIFERENTES",BC69,BL69)) -> NO CONFORME | AU69: =B69<=C69 -> TRUE | AV69: =N69<Y69 -> FALSE | AW69: =Z69<=AK69 -> TRUE | AX69: =IF(I69>=1,"Qcorrecto",IF(AND(AY69="aceptable",AZ69="aceptable",BA69="aceptable"),"Qcorrecto","Qincorrecto")) -> Qcorrecto | AY69: =IF(AR69<$AH$6,"error",IF(AR69>$AH$6*1.1,"error","aceptable")) -> aceptable | AZ69: =IF(AF69<$V$6,"error",IF(AF69>$V$6*1.1,"error","aceptable")) -> aceptable | BA69: =IF(T69<$J$6*0.9,"error",IF(T69>$J$6,"error","aceptable")) -> aceptable | BB69: =(IF(ABS(U69)<1.05,"CONFORME",IF(ABS(AG69)<1.05,"CONFORME",IF(ABS(AS69)<2.55,"CONFORME","NO CONFORME")))) -> NO CONFORME | BC69: =(IF(ABS(U69)>2.05,"NO CONFORME",IF(ABS(AG69)>2.05,"NO CONFORME",IF(ABS(AS69)>5.05,"NO CONFORME","CONFORME")))) -> NO CONFORME | BD69: =SIGN(U69) -> -1 | BE69: =SIGN(AG69) -> -1 | BF69: =SIGN(AS69) -> -1 | BG69: =CONCATENATE(BD69,BE69,BF69) -> -1-1-1 | BH69: =IF(BG69="111","SI","SD") -> SD | BI69: =IF(BG69="-1-1-1","SI","SD") -> SI | BJ69: =OR(BH69="SI",BI69="SI") -> TRUE | BK69: =IF(BJ69=FALSE,"SIGDIFERENTES","SIGIGUALES") -> SIGIGUALES | BL69: =IF(BC69="NO CONFORME","NO CONFORME",IF(BB69="CONFORME","CONFORME","NO CONFORME")) -> NO CONFORME
A70: 62 | B70: =B69 -> 45920 | C70: =C69 -> 45920 | D70: =D69 -> 3 | E70: =E69 -> 8 | H70: =H69 -> 25.6 | I70: =I69 -> 0 | J70: =J69 -> 20.9 | K70: =K69 -> 8.473 | L70: =L69 -> 0.521 | O70: =O69 -> 100.48 | P70: =P69 -> 2,29,610 | Q70: =LEFT(P70,1) -> 2 | R70: =RIGHT(P70,6) -> 29,610 | S70: =+(Q70*60+R70)/(60*60) -> 0.041558333 | T70: =+O70/S70 -> 2417.8063 | U70: =+(((N70-M70-O70)/O70)*100) -> -100 | V70: =V69 -> 21.3 | W70: =W69 -> 1.096 | X70: =X69 -> 1.088 | AA70: 5.01 | AB70: 11,15,880 | AC70: =LEFT(AB70,2) -> 11 | AD70: =RIGHT(AB70,6) -> 15,880 | AE70: =+(AC70*60+AD70)/(60*60) -> 0.18774444 | AF70: =+AA70/AE70 -> 26.68521 | AG70: =+(((Z70-Y70-AA70)/AA70)*100) -> -100 | AH70: =AH69 -> 18.4 | AI70: =AI69 -> 1.098 | AJ70: =AJ69 -> 1.087 | AK70: =Z70 -> 0 | AM70: =AM69 -> 2.005 | AN70: =AN69 -> 7,19,050 | AO70: =LEFT(AN70,2) -> 7, | AP70: =RIGHT(AN70,6) -> 19,050 | AQ70: =+(AO70*60+AP70)/(60*60) -> 0.12195833 | AR70: =+AM70/AQ70 -> 16.440041 | AS70: =+(((AL70-AK70-AM70)/AM70)*100) -> -100 | AT70: =IF(I70>=1,"NO CONFORME",IF(BK70="SIGDIFERENTES",BC70,BL70)) -> NO CONFORME | AU70: =B70<=C70 -> TRUE | AV70: =N70<Y70 -> FALSE | AW70: =Z70<=AK70 -> TRUE | AX70: =IF(I70>=1,"Qcorrecto",IF(AND(AY70="aceptable",AZ70="aceptable",BA70="aceptable"),"Qcorrecto","Qincorrecto")) -> Qcorrecto | AY70: =IF(AR70<$AH$6,"error",IF(AR70>$AH$6*1.1,"error","aceptable")) -> aceptable | AZ70: =IF(AF70<$V$6,"error",IF(AF70>$V$6*1.1,"error","aceptable")) -> aceptable | BA70: =IF(T70<$J$6*0.9,"error",IF(T70>$J$6,"error","aceptable")) -> aceptable | BB70: =(IF(ABS(U70)<1.05,"CONFORME",IF(ABS(AG70)<1.05,"CONFORME",IF(ABS(AS70)<2.55,"CONFORME","NO CONFORME")))) -> NO CONFORME | BC70: =(IF(ABS(U70)>2.05,"NO CONFORME",IF(ABS(AG70)>2.05,"NO CONFORME",IF(ABS(AS70)>5.05,"NO CONFORME","CONFORME")))) -> NO CONFORME | BD70: =SIGN(U70) -> -1 | BE70: =SIGN(AG70) -> -1 | BF70: =SIGN(AS70) -> -1 | BG70: =CONCATENATE(BD70,BE70,BF70) -> -1-1-1 | BH70: =IF(BG70="111","SI","SD") -> SD | BI70: =IF(BG70="-1-1-1","SI","SD") -> SI | BJ70: =OR(BH70="SI",BI70="SI") -> TRUE | BK70: =IF(BJ70=FALSE,"SIGDIFERENTES","SIGIGUALES") -> SIGIGUALES | BL70: =IF(BC70="NO CONFORME","NO CONFORME",IF(BB70="CONFORME","CONFORME","NO CONFORME")) -> NO CONFORME
A71: 63 | B71: =B70 -> 45920 | C71: =C70 -> 45920 | D71: =D70 -> 3 | E71: =E70 -> 8 | H71: =H70 -> 25.6 | I71: =I70 -> 0 | J71: =J70 -> 20.9 | K71: =K70 -> 8.473 | L71: =L70 -> 0.521 | O71: =O70 -> 100.48 | P71: =P70 -> 2,29,610 | Q71: =LEFT(P71,1) -> 2 | R71: =RIGHT(P71,6) -> 29,610 | S71: =+(Q71*60+R71)/(60*60) -> 0.041558333 | T71: =+O71/S71 -> 2417.8063 | U71: =+(((N71-M71-O71)/O71)*100) -> -100 | V71: =V70 -> 21.3 | W71: =W70 -> 1.096 | X71: =X70 -> 1.088 | AA71: =AA70 -> 5.01 | AB71: =AB70 -> 11,15,880 | AC71: =LEFT(AB71,2) -> 11 | AD71: =RIGHT(AB71,6) -> 15,880 | AE71: =+(AC71*60+AD71)/(60*60) -> 0.18774444 | AF71: =+AA71/AE71 -> 26.68521 | AG71: =+(((Z71-Y71-AA71)/AA71)*100) -> -100 | AH71: =AH70 -> 18.4 | AI71: =AI70 -> 1.098 | AJ71: =AJ70 -> 1.087 | AK71: =Z71 -> 0 | AM71: =AM70 -> 2.005 | AN71: =AN70 -> 7,19,050 | AO71: =LEFT(AN71,2) -> 7, | AP71: =RIGHT(AN71,6) -> 19,050 | AQ71: =+(AO71*60+AP71)/(60*60) -> 0.12195833 | AR71: =+AM71/AQ71 -> 16.440041 | AS71: =+(((AL71-AK71-AM71)/AM71)*100) -> -100 | AT71: =IF(I71>=1,"NO CONFORME",IF(BK71="SIGDIFERENTES",BC71,BL71)) -> NO CONFORME | AU71: =B71<=C71 -> TRUE | AV71: =N71<Y71 -> FALSE | AW71: =Z71<=AK71 -> TRUE | AX71: =IF(I71>=1,"Qcorrecto",IF(AND(AY71="aceptable",AZ71="aceptable",BA71="aceptable"),"Qcorrecto","Qincorrecto")) -> Qcorrecto | AY71: =IF(AR71<$AH$6,"error",IF(AR71>$AH$6*1.1,"error","aceptable")) -> aceptable | AZ71: =IF(AF71<$V$6,"error",IF(AF71>$V$6*1.1,"error","aceptable")) -> aceptable | BA71: =IF(T71<$J$6*0.9,"error",IF(T71>$J$6,"error","aceptable")) -> aceptable | BB71: =(IF(ABS(U71)<1.05,"CONFORME",IF(ABS(AG71)<1.05,"CONFORME",IF(ABS(AS71)<2.55,"CONFORME","NO CONFORME")))) -> NO CONFORME | BC71: =(IF(ABS(U71)>2.05,"NO CONFORME",IF(ABS(AG71)>2.05,"NO CONFORME",IF(ABS(AS71)>5.05,"NO CONFORME","CONFORME")))) -> NO CONFORME | BD71: =SIGN(U71) -> -1 | BE71: =SIGN(AG71) -> -1 | BF71: =SIGN(AS71) -> -1 | BG71: =CONCATENATE(BD71,BE71,BF71) -> -1-1-1 | BH71: =IF(BG71="111","SI","SD") -> SD | BI71: =IF(BG71="-1-1-1","SI","SD") -> SI | BJ71: =OR(BH71="SI",BI71="SI") -> TRUE | BK71: =IF(BJ71=FALSE,"SIGDIFERENTES","SIGIGUALES") -> SIGIGUALES | BL71: =IF(BC71="NO CONFORME","NO CONFORME",IF(BB71="CONFORME","CONFORME","NO CONFORME")) -> NO CONFORME
A72: 64 | B72: =B71 -> 45920 | C72: =C71 -> 45920 | D72: =D71 -> 3 | E72: =E71 -> 8 | H72: =H71 -> 25.6 | I72: =I71 -> 0 | J72: =J71 -> 20.9 | K72: =K71 -> 8.473 | L72: =L71 -> 0.521 | O72: =O71 -> 100.48 | P72: =P71 -> 2,29,610 | Q72: =LEFT(P72,1) -> 2 | R72: =RIGHT(P72,6) -> 29,610 | S72: =+(Q72*60+R72)/(60*60) -> 0.041558333 | T72: =+O72/S72 -> 2417.8063 | U72: =+(((N72-M72-O72)/O72)*100) -> -100 | V72: =V71 -> 21.3 | W72: =W71 -> 1.096 | X72: =X71 -> 1.088 | AA72: =AA71 -> 5.01 | AB72: =AB71 -> 11,15,880 | AC72: =LEFT(AB72,2) -> 11 | AD72: =RIGHT(AB72,6) -> 15,880 | AE72: =+(AC72*60+AD72)/(60*60) -> 0.18774444 | AF72: =+AA72/AE72 -> 26.68521 | AG72: =+(((Z72-Y72-AA72)/AA72)*100) -> -100 | AH72: =AH71 -> 18.4 | AI72: =AI71 -> 1.098 | AJ72: =AJ71 -> 1.087 | AK72: =Z72 -> 0 | AM72: =AM71 -> 2.005 | AN72: =AN71 -> 7,19,050 | AO72: =LEFT(AN72,2) -> 7, | AP72: =RIGHT(AN72,6) -> 19,050 | AQ72: =+(AO72*60+AP72)/(60*60) -> 0.12195833 | AR72: =+AM72/AQ72 -> 16.440041 | AS72: =+(((AL72-AK72-AM72)/AM72)*100) -> -100 | AT72: =IF(I72>=1,"NO CONFORME",IF(BK72="SIGDIFERENTES",BC72,BL72)) -> NO CONFORME | AU72: =B72<=C72 -> TRUE | AV72: =N72<Y72 -> FALSE | AW72: =Z72<=AK72 -> TRUE | AX72: =IF(I72>=1,"Qcorrecto",IF(AND(AY72="aceptable",AZ72="aceptable",BA72="aceptable"),"Qcorrecto","Qincorrecto")) -> Qcorrecto | AY72: =IF(AR72<$AH$6,"error",IF(AR72>$AH$6*1.1,"error","aceptable")) -> aceptable | AZ72: =IF(AF72<$V$6,"error",IF(AF72>$V$6*1.1,"error","aceptable")) -> aceptable | BA72: =IF(T72<$J$6*0.9,"error",IF(T72>$J$6,"error","aceptable")) -> aceptable | BB72: =(IF(ABS(U72)<1.05,"CONFORME",IF(ABS(AG72)<1.05,"CONFORME",IF(ABS(AS72)<2.55,"CONFORME","NO CONFORME")))) -> NO CONFORME | BC72: =(IF(ABS(U72)>2.05,"NO CONFORME",IF(ABS(AG72)>2.05,"NO CONFORME",IF(ABS(AS72)>5.05,"NO CONFORME","CONFORME")))) -> NO CONFORME | BD72: =SIGN(U72) -> -1 | BE72: =SIGN(AG72) -> -1 | BF72: =SIGN(AS72) -> -1 | BG72: =CONCATENATE(BD72,BE72,BF72) -> -1-1-1 | BH72: =IF(BG72="111","SI","SD") -> SD | BI72: =IF(BG72="-1-1-1","SI","SD") -> SI | BJ72: =OR(BH72="SI",BI72="SI") -> TRUE | BK72: =IF(BJ72=FALSE,"SIGDIFERENTES","SIGIGUALES") -> SIGIGUALES | BL72: =IF(BC72="NO CONFORME","NO CONFORME",IF(BB72="CONFORME","CONFORME","NO CONFORME")) -> NO CONFORME
A73: 65 | B73: =B72 -> 45920 | C73: =C72 -> 45920 | D73: =D72 -> 3 | E73: =E72 -> 8 | H73: =H72 -> 25.6 | I73: =I72 -> 0 | J73: =J72 -> 20.9 | K73: =K72 -> 8.473 | L73: =L72 -> 0.521 | O73: =O72 -> 100.48 | P73: =P72 -> 2,29,610 | Q73: =LEFT(P73,1) -> 2 | R73: =RIGHT(P73,6) -> 29,610 | S73: =+(Q73*60+R73)/(60*60) -> 0.041558333 | T73: =+O73/S73 -> 2417.8063 | U73: =+(((N73-M73-O73)/O73)*100) -> -100 | V73: =V72 -> 21.3 | W73: =W72 -> 1.096 | X73: =X72 -> 1.088 | AA73: =AA72 -> 5.01 | AB73: =AB72 -> 11,15,880 | AC73: =LEFT(AB73,2) -> 11 | AD73: =RIGHT(AB73,6) -> 15,880 | AE73: =+(AC73*60+AD73)/(60*60) -> 0.18774444 | AF73: =+AA73/AE73 -> 26.68521 | AG73: =+(((Z73-Y73-AA73)/AA73)*100) -> -100 | AH73: =AH72 -> 18.4 | AI73: =AI72 -> 1.098 | AJ73: =AJ72 -> 1.087 | AK73: =Z73 -> 0 | AM73: =AM72 -> 2.005 | AN73: =AN72 -> 7,19,050 | AO73: =LEFT(AN73,2) -> 7, | AP73: =RIGHT(AN73,6) -> 19,050 | AQ73: =+(AO73*60+AP73)/(60*60) -> 0.12195833 | AR73: =+AM73/AQ73 -> 16.440041 | AS73: =+(((AL73-AK73-AM73)/AM73)*100) -> -100 | AT73: =IF(I73>=1,"NO CONFORME",IF(BK73="SIGDIFERENTES",BC73,BL73)) -> NO CONFORME | AU73: =B73<=C73 -> TRUE | AV73: =N73<Y73 -> FALSE | AW73: =Z73<=AK73 -> TRUE | AX73: =IF(I73>=1,"Qcorrecto",IF(AND(AY73="aceptable",AZ73="aceptable",BA73="aceptable"),"Qcorrecto","Qincorrecto")) -> Qcorrecto | AY73: =IF(AR73<$AH$6,"error",IF(AR73>$AH$6*1.1,"error","aceptable")) -> aceptable | AZ73: =IF(AF73<$V$6,"error",IF(AF73>$V$6*1.1,"error","aceptable")) -> aceptable | BA73: =IF(T73<$J$6*0.9,"error",IF(T73>$J$6,"error","aceptable")) -> aceptable | BB73: =(IF(ABS(U73)<1.05,"CONFORME",IF(ABS(AG73)<1.05,"CONFORME",IF(ABS(AS73)<2.55,"CONFORME","NO CONFORME")))) -> NO CONFORME | BC73: =(IF(ABS(U73)>2.05,"NO CONFORME",IF(ABS(AG73)>2.05,"NO CONFORME",IF(ABS(AS73)>5.05,"NO CONFORME","CONFORME")))) -> NO CONFORME | BD73: =SIGN(U73) -> -1 | BE73: =SIGN(AG73) -> -1 | BF73: =SIGN(AS73) -> -1 | BG73: =CONCATENATE(BD73,BE73,BF73) -> -1-1-1 | BH73: =IF(BG73="111","SI","SD") -> SD | BI73: =IF(BG73="-1-1-1","SI","SD") -> SI | BJ73: =OR(BH73="SI",BI73="SI") -> TRUE | BK73: =IF(BJ73=FALSE,"SIGDIFERENTES","SIGIGUALES") -> SIGIGUALES | BL73: =IF(BC73="NO CONFORME","NO CONFORME",IF(BB73="CONFORME","CONFORME","NO CONFORME")) -> NO CONFORME
A74: 66 | B74: =B73 -> 45920 | C74: =C73 -> 45920 | D74: =D73 -> 3 | E74: =E73 -> 8 | H74: =H73 -> 25.6 | I74: =I73 -> 0 | J74: =J73 -> 20.9 | K74: =K73 -> 8.473 | L74: =L73 -> 0.521 | O74: =O73 -> 100.48 | P74: =P73 -> 2,29,610 | Q74: =LEFT(P74,1) -> 2 | R74: =RIGHT(P74,6) -> 29,610 | S74: =+(Q74*60+R74)/(60*60) -> 0.041558333 | T74: =+O74/S74 -> 2417.8063 | U74: =+(((N74-M74-O74)/O74)*100) -> -100 | V74: =V73 -> 21.3 | W74: =W73 -> 1.096 | X74: =X73 -> 1.088 | AA74: =AA73 -> 5.01 | AB74: =AB73 -> 11,15,880 | AC74: =LEFT(AB74,2) -> 11 | AD74: =RIGHT(AB74,6) -> 15,880 | AE74: =+(AC74*60+AD74)/(60*60) -> 0.18774444 | AF74: =+AA74/AE74 -> 26.68521 | AG74: =+(((Z74-Y74-AA74)/AA74)*100) -> -100 | AH74: =AH73 -> 18.4 | AI74: =AI73 -> 1.098 | AJ74: =AJ73 -> 1.087 | AK74: =Z74 -> 0 | AM74: =AM73 -> 2.005 | AN74: =AN73 -> 7,19,050 | AO74: =LEFT(AN74,2) -> 7, | AP74: =RIGHT(AN74,6) -> 19,050 | AQ74: =+(AO74*60+AP74)/(60*60) -> 0.12195833 | AR74: =+AM74/AQ74 -> 16.440041 | AS74: =+(((AL74-AK74-AM74)/AM74)*100) -> -100 | AT74: =IF(I74>=1,"NO CONFORME",IF(BK74="SIGDIFERENTES",BC74,BL74)) -> NO CONFORME | AU74: =B74<=C74 -> TRUE | AV74: =N74<Y74 -> FALSE | AW74: =Z74<=AK74 -> TRUE | AX74: =IF(I74>=1,"Qcorrecto",IF(AND(AY74="aceptable",AZ74="aceptable",BA74="aceptable"),"Qcorrecto","Qincorrecto")) -> Qcorrecto | AY74: =IF(AR74<$AH$6,"error",IF(AR74>$AH$6*1.1,"error","aceptable")) -> aceptable | AZ74: =IF(AF74<$V$6,"error",IF(AF74>$V$6*1.1,"error","aceptable")) -> aceptable | BA74: =IF(T74<$J$6*0.9,"error",IF(T74>$J$6,"error","aceptable")) -> aceptable | BB74: =(IF(ABS(U74)<1.05,"CONFORME",IF(ABS(AG74)<1.05,"CONFORME",IF(ABS(AS74)<2.55,"CONFORME","NO CONFORME")))) -> NO CONFORME | BC74: =(IF(ABS(U74)>2.05,"NO CONFORME",IF(ABS(AG74)>2.05,"NO CONFORME",IF(ABS(AS74)>5.05,"NO CONFORME","CONFORME")))) -> NO CONFORME | BD74: =SIGN(U74) -> -1 | BE74: =SIGN(AG74) -> -1 | BF74: =SIGN(AS74) -> -1 | BG74: =CONCATENATE(BD74,BE74,BF74) -> -1-1-1 | BH74: =IF(BG74="111","SI","SD") -> SD | BI74: =IF(BG74="-1-1-1","SI","SD") -> SI | BJ74: =OR(BH74="SI",BI74="SI") -> TRUE | BK74: =IF(BJ74=FALSE,"SIGDIFERENTES","SIGIGUALES") -> SIGIGUALES | BL74: =IF(BC74="NO CONFORME","NO CONFORME",IF(BB74="CONFORME","CONFORME","NO CONFORME")) -> NO CONFORME
A75: 67 | B75: =B74 -> 45920 | C75: =C74 -> 45920 | D75: =D74 -> 3 | E75: =E74 -> 8 | H75: =H74 -> 25.6 | I75: =I74 -> 0 | J75: =J74 -> 20.9 | K75: =K74 -> 8.473 | L75: =L74 -> 0.521 | O75: =O74 -> 100.48 | P75: =P74 -> 2,29,610 | Q75: =LEFT(P75,1) -> 2 | R75: =RIGHT(P75,6) -> 29,610 | S75: =+(Q75*60+R75)/(60*60) -> 0.041558333 | T75: =+O75/S75 -> 2417.8063 | U75: =+(((N75-M75-O75)/O75)*100) -> -100 | V75: =V74 -> 21.3 | W75: =W74 -> 1.096 | X75: =X74 -> 1.088 | AA75: =AA74 -> 5.01 | AB75: =AB74 -> 11,15,880 | AC75: =LEFT(AB75,2) -> 11 | AD75: =RIGHT(AB75,6) -> 15,880 | AE75: =+(AC75*60+AD75)/(60*60) -> 0.18774444 | AF75: =+AA75/AE75 -> 26.68521 | AG75: =+(((Z75-Y75-AA75)/AA75)*100) -> -100 | AH75: =AH74 -> 18.4 | AI75: =AI74 -> 1.098 | AJ75: =AJ74 -> 1.087 | AK75: =Z75 -> 0 | AM75: =AM74 -> 2.005 | AN75: =AN74 -> 7,19,050 | AO75: =LEFT(AN75,2) -> 7, | AP75: =RIGHT(AN75,6) -> 19,050 | AQ75: =+(AO75*60+AP75)/(60*60) -> 0.12195833 | AR75: =+AM75/AQ75 -> 16.440041 | AS75: =+(((AL75-AK75-AM75)/AM75)*100) -> -100 | AT75: =IF(I75>=1,"NO CONFORME",IF(BK75="SIGDIFERENTES",BC75,BL75)) -> NO CONFORME | AU75: =B75<=C75 -> TRUE | AV75: =N75<Y75 -> FALSE | AW75: =Z75<=AK75 -> TRUE | AX75: =IF(I75>=1,"Qcorrecto",IF(AND(AY75="aceptable",AZ75="aceptable",BA75="aceptable"),"Qcorrecto","Qincorrecto")) -> Qcorrecto | AY75: =IF(AR75<$AH$6,"error",IF(AR75>$AH$6*1.1,"error","aceptable")) -> aceptable | AZ75: =IF(AF75<$V$6,"error",IF(AF75>$V$6*1.1,"error","aceptable")) -> aceptable | BA75: =IF(T75<$J$6*0.9,"error",IF(T75>$J$6,"error","aceptable")) -> aceptable | BB75: =(IF(ABS(U75)<1.05,"CONFORME",IF(ABS(AG75)<1.05,"CONFORME",IF(ABS(AS75)<2.55,"CONFORME","NO CONFORME")))) -> NO CONFORME | BC75: =(IF(ABS(U75)>2.05,"NO CONFORME",IF(ABS(AG75)>2.05,"NO CONFORME",IF(ABS(AS75)>5.05,"NO CONFORME","CONFORME")))) -> NO CONFORME | BD75: =SIGN(U75) -> -1 | BE75: =SIGN(AG75) -> -1 | BF75: =SIGN(AS75) -> -1 | BG75: =CONCATENATE(BD75,BE75,BF75) -> -1-1-1 | BH75: =IF(BG75="111","SI","SD") -> SD | BI75: =IF(BG75="-1-1-1","SI","SD") -> SI | BJ75: =OR(BH75="SI",BI75="SI") -> TRUE | BK75: =IF(BJ75=FALSE,"SIGDIFERENTES","SIGIGUALES") -> SIGIGUALES | BL75: =IF(BC75="NO CONFORME","NO CONFORME",IF(BB75="CONFORME","CONFORME","NO CONFORME")) -> NO CONFORME
A76: 68 | B76: =B75 -> 45920 | C76: =C75 -> 45920 | D76: =D75 -> 3 | E76: =E75 -> 8 | H76: =H75 -> 25.6 | I76: =I75 -> 0 | J76: =J75 -> 20.9 | K76: =K75 -> 8.473 | L76: =L75 -> 0.521 | O76: =O75 -> 100.48 | P76: =P75 -> 2,29,610 | Q76: =LEFT(P76,1) -> 2 | R76: =RIGHT(P76,6) -> 29,610 | S76: =+(Q76*60+R76)/(60*60) -> 0.041558333 | T76: =+O76/S76 -> 2417.8063 | U76: =+(((N76-M76-O76)/O76)*100) -> -100 | V76: =V75 -> 21.3 | W76: =W75 -> 1.096 | X76: =X75 -> 1.088 | AA76: =AA75 -> 5.01 | AB76: =AB75 -> 11,15,880 | AC76: =LEFT(AB76,2) -> 11 | AD76: =RIGHT(AB76,6) -> 15,880 | AE76: =+(AC76*60+AD76)/(60*60) -> 0.18774444 | AF76: =+AA76/AE76 -> 26.68521 | AG76: =+(((Z76-Y76-AA76)/AA76)*100) -> -100 | AH76: =AH75 -> 18.4 | AI76: =AI75 -> 1.098 | AJ76: =AJ75 -> 1.087 | AK76: =Z76 -> 0 | AM76: =AM75 -> 2.005 | AN76: =AN75 -> 7,19,050 | AO76: =LEFT(AN76,2) -> 7, | AP76: =RIGHT(AN76,6) -> 19,050 | AQ76: =+(AO76*60+AP76)/(60*60) -> 0.12195833 | AR76: =+AM76/AQ76 -> 16.440041 | AS76: =+(((AL76-AK76-AM76)/AM76)*100) -> -100 | AT76: =IF(I76>=1,"NO CONFORME",IF(BK76="SIGDIFERENTES",BC76,BL76)) -> NO CONFORME | AU76: =B76<=C76 -> TRUE | AV76: =N76<Y76 -> FALSE | AW76: =Z76<=AK76 -> TRUE | AX76: =IF(I76>=1,"Qcorrecto",IF(AND(AY76="aceptable",AZ76="aceptable",BA76="aceptable"),"Qcorrecto","Qincorrecto")) -> Qcorrecto | AY76: =IF(AR76<$AH$6,"error",IF(AR76>$AH$6*1.1,"error","aceptable")) -> aceptable | AZ76: =IF(AF76<$V$6,"error",IF(AF76>$V$6*1.1,"error","aceptable")) -> aceptable | BA76: =IF(T76<$J$6*0.9,"error",IF(T76>$J$6,"error","aceptable")) -> aceptable | BB76: =(IF(ABS(U76)<1.05,"CONFORME",IF(ABS(AG76)<1.05,"CONFORME",IF(ABS(AS76)<2.55,"CONFORME","NO CONFORME")))) -> NO CONFORME | BC76: =(IF(ABS(U76)>2.05,"NO CONFORME",IF(ABS(AG76)>2.05,"NO CONFORME",IF(ABS(AS76)>5.05,"NO CONFORME","CONFORME")))) -> NO CONFORME | BD76: =SIGN(U76) -> -1 | BE76: =SIGN(AG76) -> -1 | BF76: =SIGN(AS76) -> -1 | BG76: =CONCATENATE(BD76,BE76,BF76) -> -1-1-1 | BH76: =IF(BG76="111","SI","SD") -> SD | BI76: =IF(BG76="-1-1-1","SI","SD") -> SI | BJ76: =OR(BH76="SI",BI76="SI") -> TRUE | BK76: =IF(BJ76=FALSE,"SIGDIFERENTES","SIGIGUALES") -> SIGIGUALES | BL76: =IF(BC76="NO CONFORME","NO CONFORME",IF(BB76="CONFORME","CONFORME","NO CONFORME")) -> NO CONFORME
A77: 69 | B77: =B76 -> 45920 | C77: =C76 -> 45920 | D77: =D76 -> 3 | E77: =E76 -> 8 | H77: =H76 -> 25.6 | I77: =I76 -> 0 | J77: =J76 -> 20.9 | K77: =K76 -> 8.473 | L77: =L76 -> 0.521 | O77: =O76 -> 100.48 | P77: =P76 -> 2,29,610 | Q77: =LEFT(P77,1) -> 2 | R77: =RIGHT(P77,6) -> 29,610 | S77: =+(Q77*60+R77)/(60*60) -> 0.041558333 | T77: =+O77/S77 -> 2417.8063 | U77: =+(((N77-M77-O77)/O77)*100) -> -100 | V77: =V76 -> 21.3 | W77: =W76 -> 1.096 | X77: =X76 -> 1.088 | AA77: =AA76 -> 5.01 | AB77: =AB76 -> 11,15,880 | AC77: =LEFT(AB77,2) -> 11 | AD77: =RIGHT(AB77,6) -> 15,880 | AE77: =+(AC77*60+AD77)/(60*60) -> 0.18774444 | AF77: =+AA77/AE77 -> 26.68521 | AG77: =+(((Z77-Y77-AA77)/AA77)*100) -> -100 | AH77: =AH76 -> 18.4 | AI77: =AI76 -> 1.098 | AJ77: =AJ76 -> 1.087 | AK77: =Z77 -> 0 | AM77: =AM76 -> 2.005 | AN77: =AN76 -> 7,19,050 | AO77: =LEFT(AN77,2) -> 7, | AP77: =RIGHT(AN77,6) -> 19,050 | AQ77: =+(AO77*60+AP77)/(60*60) -> 0.12195833 | AR77: =+AM77/AQ77 -> 16.440041 | AS77: =+(((AL77-AK77-AM77)/AM77)*100) -> -100 | AT77: =IF(I77>=1,"NO CONFORME",IF(BK77="SIGDIFERENTES",BC77,BL77)) -> NO CONFORME | AU77: =B77<=C77 -> TRUE | AV77: =N77<Y77 -> FALSE | AW77: =Z77<=AK77 -> TRUE | AX77: =IF(I77>=1,"Qcorrecto",IF(AND(AY77="aceptable",AZ77="aceptable",BA77="aceptable"),"Qcorrecto","Qincorrecto")) -> Qcorrecto | AY77: =IF(AR77<$AH$6,"error",IF(AR77>$AH$6*1.1,"error","aceptable")) -> aceptable | AZ77: =IF(AF77<$V$6,"error",IF(AF77>$V$6*1.1,"error","aceptable")) -> aceptable | BA77: =IF(T77<$J$6*0.9,"error",IF(T77>$J$6,"error","aceptable")) -> aceptable | BB77: =(IF(ABS(U77)<1.05,"CONFORME",IF(ABS(AG77)<1.05,"CONFORME",IF(ABS(AS77)<2.55,"CONFORME","NO CONFORME")))) -> NO CONFORME | BC77: =(IF(ABS(U77)>2.05,"NO CONFORME",IF(ABS(AG77)>2.05,"NO CONFORME",IF(ABS(AS77)>5.05,"NO CONFORME","CONFORME")))) -> NO CONFORME | BD77: =SIGN(U77) -> -1 | BE77: =SIGN(AG77) -> -1 | BF77: =SIGN(AS77) -> -1 | BG77: =CONCATENATE(BD77,BE77,BF77) -> -1-1-1 | BH77: =IF(BG77="111","SI","SD") -> SD | BI77: =IF(BG77="-1-1-1","SI","SD") -> SI | BJ77: =OR(BH77="SI",BI77="SI") -> TRUE | BK77: =IF(BJ77=FALSE,"SIGDIFERENTES","SIGIGUALES") -> SIGIGUALES | BL77: =IF(BC77="NO CONFORME","NO CONFORME",IF(BB77="CONFORME","CONFORME","NO CONFORME")) -> NO CONFORME
A78: 70 | B78: =B77 -> 45920 | C78: =C77 -> 45920 | D78: =D77 -> 3 | E78: =E77 -> 8 | H78: =H77 -> 25.6 | I78: =I77 -> 0 | J78: =J77 -> 20.9 | K78: =K77 -> 8.473 | L78: =L77 -> 0.521 | O78: =O77 -> 100.48 | P78: =P77 -> 2,29,610 | Q78: =LEFT(P78,1) -> 2 | R78: =RIGHT(P78,6) -> 29,610 | S78: =+(Q78*60+R78)/(60*60) -> 0.041558333 | T78: =+O78/S78 -> 2417.8063 | U78: =+(((N78-M78-O78)/O78)*100) -> -100 | V78: =V77 -> 21.3 | W78: =W77 -> 1.096 | X78: =X77 -> 1.088 | AA78: =AA77 -> 5.01 | AB78: =AB77 -> 11,15,880 | AC78: =LEFT(AB78,2) -> 11 | AD78: =RIGHT(AB78,6) -> 15,880 | AE78: =+(AC78*60+AD78)/(60*60) -> 0.18774444 | AF78: =+AA78/AE78 -> 26.68521 | AG78: =+(((Z78-Y78-AA78)/AA78)*100) -> -100 | AH78: =AH77 -> 18.4 | AI78: =AI77 -> 1.098 | AJ78: =AJ77 -> 1.087 | AK78: =Z78 -> 0 | AM78: =AM77 -> 2.005 | AN78: =AN77 -> 7,19,050 | AO78: =LEFT(AN78,2) -> 7, | AP78: =RIGHT(AN78,6) -> 19,050 | AQ78: =+(AO78*60+AP78)/(60*60) -> 0.12195833 | AR78: =+AM78/AQ78 -> 16.440041 | AS78: =+(((AL78-AK78-AM78)/AM78)*100) -> -100 | AT78: =IF(I78>=1,"NO CONFORME",IF(BK78="SIGDIFERENTES",BC78,BL78)) -> NO CONFORME | AU78: =B78<=C78 -> TRUE | AV78: =N78<Y78 -> FALSE | AW78: =Z78<=AK78 -> TRUE | AX78: =IF(I78>=1,"Qcorrecto",IF(AND(AY78="aceptable",AZ78="aceptable",BA78="aceptable"),"Qcorrecto","Qincorrecto")) -> Qcorrecto | AY78: =IF(AR78<$AH$6,"error",IF(AR78>$AH$6*1.1,"error","aceptable")) -> aceptable | AZ78: =IF(AF78<$V$6,"error",IF(AF78>$V$6*1.1,"error","aceptable")) -> aceptable | BA78: =IF(T78<$J$6*0.9,"error",IF(T78>$J$6,"error","aceptable")) -> aceptable | BB78: =(IF(ABS(U78)<1.05,"CONFORME",IF(ABS(AG78)<1.05,"CONFORME",IF(ABS(AS78)<2.55,"CONFORME","NO CONFORME")))) -> NO CONFORME | BC78: =(IF(ABS(U78)>2.05,"NO CONFORME",IF(ABS(AG78)>2.05,"NO CONFORME",IF(ABS(AS78)>5.05,"NO CONFORME","CONFORME")))) -> NO CONFORME | BD78: =SIGN(U78) -> -1 | BE78: =SIGN(AG78) -> -1 | BF78: =SIGN(AS78) -> -1 | BG78: =CONCATENATE(BD78,BE78,BF78) -> -1-1-1 | BH78: =IF(BG78="111","SI","SD") -> SD | BI78: =IF(BG78="-1-1-1","SI","SD") -> SI | BJ78: =OR(BH78="SI",BI78="SI") -> TRUE | BK78: =IF(BJ78=FALSE,"SIGDIFERENTES","SIGIGUALES") -> SIGIGUALES | BL78: =IF(BC78="NO CONFORME","NO CONFORME",IF(BB78="CONFORME","CONFORME","NO CONFORME")) -> NO CONFORME
A79: 71 | B79: =B78 -> 45920 | C79: =C78 -> 45920 | D79: =D78 -> 3 | E79: =E78 -> 8 | H79: =H78 -> 25.6 | I79: =I78 -> 0 | J79: =J78 -> 20.9 | K79: =K78 -> 8.473 | L79: =L78 -> 0.521 | O79: =O78 -> 100.48 | P79: =P78 -> 2,29,610 | Q79: =LEFT(P79,1) -> 2 | R79: =RIGHT(P79,6) -> 29,610 | S79: =+(Q79*60+R79)/(60*60) -> 0.041558333 | T79: =+O79/S79 -> 2417.8063 | U79: =+(((N79-M79-O79)/O79)*100) -> -100 | V79: =V78 -> 21.3 | W79: =W78 -> 1.096 | X79: =X78 -> 1.088 | AA79: =AA78 -> 5.01 | AB79: =AB78 -> 11,15,880 | AC79: =LEFT(AB79,2) -> 11 | AD79: =RIGHT(AB79,6) -> 15,880 | AE79: =+(AC79*60+AD79)/(60*60) -> 0.18774444 | AF79: =+AA79/AE79 -> 26.68521 | AG79: =+(((Z79-Y79-AA79)/AA79)*100) -> -100 | AH79: =AH78 -> 18.4 | AI79: =AI78 -> 1.098 | AJ79: =AJ78 -> 1.087 | AK79: =Z79 -> 0 | AM79: =AM78 -> 2.005 | AN79: =AN78 -> 7,19,050 | AO79: =LEFT(AN79,2) -> 7, | AP79: =RIGHT(AN79,6) -> 19,050 | AQ79: =+(AO79*60+AP79)/(60*60) -> 0.12195833 | AR79: =+AM79/AQ79 -> 16.440041 | AS79: =+(((AL79-AK79-AM79)/AM79)*100) -> -100 | AT79: =IF(I79>=1,"NO CONFORME",IF(BK79="SIGDIFERENTES",BC79,BL79)) -> NO CONFORME | AU79: =B79<=C79 -> TRUE | AV79: =N79<Y79 -> FALSE | AW79: =Z79<=AK79 -> TRUE | AX79: =IF(I79>=1,"Qcorrecto",IF(AND(AY79="aceptable",AZ79="aceptable",BA79="aceptable"),"Qcorrecto","Qincorrecto")) -> Qcorrecto | AY79: =IF(AR79<$AH$6,"error",IF(AR79>$AH$6*1.1,"error","aceptable")) -> aceptable | AZ79: =IF(AF79<$V$6,"error",IF(AF79>$V$6*1.1,"error","aceptable")) -> aceptable | BA79: =IF(T79<$J$6*0.9,"error",IF(T79>$J$6,"error","aceptable")) -> aceptable | BB79: =(IF(ABS(U79)<1.05,"CONFORME",IF(ABS(AG79)<1.05,"CONFORME",IF(ABS(AS79)<2.55,"CONFORME","NO CONFORME")))) -> NO CONFORME | BC79: =(IF(ABS(U79)>2.05,"NO CONFORME",IF(ABS(AG79)>2.05,"NO CONFORME",IF(ABS(AS79)>5.05,"NO CONFORME","CONFORME")))) -> NO CONFORME | BD79: =SIGN(U79) -> -1 | BE79: =SIGN(AG79) -> -1 | BF79: =SIGN(AS79) -> -1 | BG79: =CONCATENATE(BD79,BE79,BF79) -> -1-1-1 | BH79: =IF(BG79="111","SI","SD") -> SD | BI79: =IF(BG79="-1-1-1","SI","SD") -> SI | BJ79: =OR(BH79="SI",BI79="SI") -> TRUE | BK79: =IF(BJ79=FALSE,"SIGDIFERENTES","SIGIGUALES") -> SIGIGUALES | BL79: =IF(BC79="NO CONFORME","NO CONFORME",IF(BB79="CONFORME","CONFORME","NO CONFORME")) -> NO CONFORME
A80: 72 | B80: =B79 -> 45920 | C80: =C79 -> 45920 | D80: =D79 -> 3 | E80: =E79 -> 8 | H80: =H79 -> 25.6 | I80: =I79 -> 0 | J80: =J79 -> 20.9 | K80: =K79 -> 8.473 | L80: =L79 -> 0.521 | O80: =O79 -> 100.48 | P80: =P79 -> 2,29,610 | Q80: =LEFT(P80,1) -> 2 | R80: =RIGHT(P80,6) -> 29,610 | S80: =+(Q80*60+R80)/(60*60) -> 0.041558333 | T80: =+O80/S80 -> 2417.8063 | U80: =+(((N80-M80-O80)/O80)*100) -> -100 | V80: =V79 -> 21.3 | W80: =W79 -> 1.096 | X80: =X79 -> 1.088 | AA80: =AA79 -> 5.01 | AB80: =AB79 -> 11,15,880 | AC80: =LEFT(AB80,2) -> 11 | AD80: =RIGHT(AB80,6) -> 15,880 | AE80: =+(AC80*60+AD80)/(60*60) -> 0.18774444 | AF80: =+AA80/AE80 -> 26.68521 | AG80: =+(((Z80-Y80-AA80)/AA80)*100) -> -100 | AH80: =AH79 -> 18.4 | AI80: =AI79 -> 1.098 | AJ80: =AJ79 -> 1.087 | AK80: =Z80 -> 0 | AM80: =AM79 -> 2.005 | AN80: =AN79 -> 7,19,050 | AO80: =LEFT(AN80,2) -> 7, | AP80: =RIGHT(AN80,6) -> 19,050 | AQ80: =+(AO80*60+AP80)/(60*60) -> 0.12195833 | AR80: =+AM80/AQ80 -> 16.440041 | AS80: =+(((AL80-AK80-AM80)/AM80)*100) -> -100 | AT80: =IF(I80>=1,"NO CONFORME",IF(BK80="SIGDIFERENTES",BC80,BL80)) -> NO CONFORME | AU80: =B80<=C80 -> TRUE | AV80: =N80<Y80 -> FALSE | AW80: =Z80<=AK80 -> TRUE | AX80: =IF(I80>=1,"Qcorrecto",IF(AND(AY80="aceptable",AZ80="aceptable",BA80="aceptable"),"Qcorrecto","Qincorrecto")) -> Qcorrecto | AY80: =IF(AR80<$AH$6,"error",IF(AR80>$AH$6*1.1,"error","aceptable")) -> aceptable | AZ80: =IF(AF80<$V$6,"error",IF(AF80>$V$6*1.1,"error","aceptable")) -> aceptable | BA80: =IF(T80<$J$6*0.9,"error",IF(T80>$J$6,"error","aceptable")) -> aceptable | BB80: =(IF(ABS(U80)<1.05,"CONFORME",IF(ABS(AG80)<1.05,"CONFORME",IF(ABS(AS80)<2.55,"CONFORME","NO CONFORME")))) -> NO CONFORME | BC80: =(IF(ABS(U80)>2.05,"NO CONFORME",IF(ABS(AG80)>2.05,"NO CONFORME",IF(ABS(AS80)>5.05,"NO CONFORME","CONFORME")))) -> NO CONFORME | BD80: =SIGN(U80) -> -1 | BE80: =SIGN(AG80) -> -1 | BF80: =SIGN(AS80) -> -1 | BG80: =CONCATENATE(BD80,BE80,BF80) -> -1-1-1 | BH80: =IF(BG80="111","SI","SD") -> SD | BI80: =IF(BG80="-1-1-1","SI","SD") -> SI | BJ80: =OR(BH80="SI",BI80="SI") -> TRUE | BK80: =IF(BJ80=FALSE,"SIGDIFERENTES","SIGIGUALES") -> SIGIGUALES | BL80: =IF(BC80="NO CONFORME","NO CONFORME",IF(BB80="CONFORME","CONFORME","NO CONFORME")) -> NO CONFORME
A81: 73 | B81: =B80 -> 45920 | C81: =C80 -> 45920 | D81: =D80 -> 3 | E81: =E80 -> 8 | H81: =H80 -> 25.6 | I81: =I80 -> 0 | J81: =J80 -> 20.9 | K81: =K80 -> 8.473 | L81: =L80 -> 0.521 | O81: =O80 -> 100.48 | P81: =P80 -> 2,29,610 | Q81: =LEFT(P81,1) -> 2 | R81: =RIGHT(P81,6) -> 29,610 | S81: =+(Q81*60+R81)/(60*60) -> 0.041558333 | T81: =+O81/S81 -> 2417.8063 | U81: =+(((N81-M81-O81)/O81)*100) -> -100 | V81: =V80 -> 21.3 | W81: =W80 -> 1.096 | X81: =X80 -> 1.088 | AA81: =AA80 -> 5.01 | AB81: =AB80 -> 11,15,880 | AC81: =LEFT(AB81,2) -> 11 | AD81: =RIGHT(AB81,6) -> 15,880 | AE81: =+(AC81*60+AD81)/(60*60) -> 0.18774444 | AF81: =+AA81/AE81 -> 26.68521 | AG81: =+(((Z81-Y81-AA81)/AA81)*100) -> -100 | AH81: =AH80 -> 18.4 | AI81: =AI80 -> 1.098 | AJ81: =AJ80 -> 1.087 | AK81: =Z81 -> 0 | AM81: =AM80 -> 2.005 | AN81: =AN80 -> 7,19,050 | AO81: =LEFT(AN81,2) -> 7, | AP81: =RIGHT(AN81,6) -> 19,050 | AQ81: =+(AO81*60+AP81)/(60*60) -> 0.12195833 | AR81: =+AM81/AQ81 -> 16.440041 | AS81: =+(((AL81-AK81-AM81)/AM81)*100) -> -100 | AT81: =IF(I81>=1,"NO CONFORME",IF(BK81="SIGDIFERENTES",BC81,BL81)) -> NO CONFORME | AU81: =B81<=C81 -> TRUE | AV81: =N81<Y81 -> FALSE | AW81: =Z81<=AK81 -> TRUE | AX81: =IF(I81>=1,"Qcorrecto",IF(AND(AY81="aceptable",AZ81="aceptable",BA81="aceptable"),"Qcorrecto","Qincorrecto")) -> Qcorrecto | AY81: =IF(AR81<$AH$6,"error",IF(AR81>$AH$6*1.1,"error","aceptable")) -> aceptable | AZ81: =IF(AF81<$V$6,"error",IF(AF81>$V$6*1.1,"error","aceptable")) -> aceptable | BA81: =IF(T81<$J$6*0.9,"error",IF(T81>$J$6,"error","aceptable")) -> aceptable | BB81: =(IF(ABS(U81)<1.05,"CONFORME",IF(ABS(AG81)<1.05,"CONFORME",IF(ABS(AS81)<2.55,"CONFORME","NO CONFORME")))) -> NO CONFORME | BC81: =(IF(ABS(U81)>2.05,"NO CONFORME",IF(ABS(AG81)>2.05,"NO CONFORME",IF(ABS(AS81)>5.05,"NO CONFORME","CONFORME")))) -> NO CONFORME | BD81: =SIGN(U81) -> -1 | BE81: =SIGN(AG81) -> -1 | BF81: =SIGN(AS81) -> -1 | BG81: =CONCATENATE(BD81,BE81,BF81) -> -1-1-1 | BH81: =IF(BG81="111","SI","SD") -> SD | BI81: =IF(BG81="-1-1-1","SI","SD") -> SI | BJ81: =OR(BH81="SI",BI81="SI") -> TRUE | BK81: =IF(BJ81=FALSE,"SIGDIFERENTES","SIGIGUALES") -> SIGIGUALES | BL81: =IF(BC81="NO CONFORME","NO CONFORME",IF(BB81="CONFORME","CONFORME","NO CONFORME")) -> NO CONFORME
A82: 74 | B82: =B81 -> 45920 | C82: =C81 -> 45920 | D82: =D81 -> 3 | E82: =E81 -> 8 | H82: =H81 -> 25.6 | I82: =I81 -> 0 | J82: =J81 -> 20.9 | K82: =K81 -> 8.473 | L82: =L81 -> 0.521 | O82: =O81 -> 100.48 | P82: =P81 -> 2,29,610 | Q82: =LEFT(P82,1) -> 2 | R82: =RIGHT(P82,6) -> 29,610 | S82: =+(Q82*60+R82)/(60*60) -> 0.041558333 | T82: =+O82/S82 -> 2417.8063 | U82: =+(((N82-M82-O82)/O82)*100) -> -100 | V82: =V81 -> 21.3 | W82: =W81 -> 1.096 | X82: =X81 -> 1.088 | AA82: =AA81 -> 5.01 | AB82: =AB81 -> 11,15,880 | AC82: =LEFT(AB82,2) -> 11 | AD82: =RIGHT(AB82,6) -> 15,880 | AE82: =+(AC82*60+AD82)/(60*60) -> 0.18774444 | AF82: =+AA82/AE82 -> 26.68521 | AG82: =+(((Z82-Y82-AA82)/AA82)*100) -> -100 | AH82: =AH81 -> 18.4 | AI82: =AI81 -> 1.098 | AJ82: =AJ81 -> 1.087 | AK82: =Z82 -> 0 | AM82: =AM81 -> 2.005 | AN82: =AN81 -> 7,19,050 | AO82: =LEFT(AN82,2) -> 7, | AP82: =RIGHT(AN82,6) -> 19,050 | AQ82: =+(AO82*60+AP82)/(60*60) -> 0.12195833 | AR82: =+AM82/AQ82 -> 16.440041 | AS82: =+(((AL82-AK82-AM82)/AM82)*100) -> -100 | AT82: =IF(I82>=1,"NO CONFORME",IF(BK82="SIGDIFERENTES",BC82,BL82)) -> NO CONFORME | AU82: =B82<=C82 -> TRUE | AV82: =N82<Y82 -> FALSE | AW82: =Z82<=AK82 -> TRUE | AX82: =IF(I82>=1,"Qcorrecto",IF(AND(AY82="aceptable",AZ82="aceptable",BA82="aceptable"),"Qcorrecto","Qincorrecto")) -> Qcorrecto | AY82: =IF(AR82<$AH$6,"error",IF(AR82>$AH$6*1.1,"error","aceptable")) -> aceptable | AZ82: =IF(AF82<$V$6,"error",IF(AF82>$V$6*1.1,"error","aceptable")) -> aceptable | BA82: =IF(T82<$J$6*0.9,"error",IF(T82>$J$6,"error","aceptable")) -> aceptable | BB82: =(IF(ABS(U82)<1.05,"CONFORME",IF(ABS(AG82)<1.05,"CONFORME",IF(ABS(AS82)<2.55,"CONFORME","NO CONFORME")))) -> NO CONFORME | BC82: =(IF(ABS(U82)>2.05,"NO CONFORME",IF(ABS(AG82)>2.05,"NO CONFORME",IF(ABS(AS82)>5.05,"NO CONFORME","CONFORME")))) -> NO CONFORME | BD82: =SIGN(U82) -> -1 | BE82: =SIGN(AG82) -> -1 | BF82: =SIGN(AS82) -> -1 | BG82: =CONCATENATE(BD82,BE82,BF82) -> -1-1-1 | BH82: =IF(BG82="111","SI","SD") -> SD | BI82: =IF(BG82="-1-1-1","SI","SD") -> SI | BJ82: =OR(BH82="SI",BI82="SI") -> TRUE | BK82: =IF(BJ82=FALSE,"SIGDIFERENTES","SIGIGUALES") -> SIGIGUALES | BL82: =IF(BC82="NO CONFORME","NO CONFORME",IF(BB82="CONFORME","CONFORME","NO CONFORME")) -> NO CONFORME
... A309: 301 | B309: =B308 -> 45920 | C309: =C308 -> 45920 | D309: =D308 -> 3 | E309: =E308 -> 8 | H309: =H308 -> 25.6 | I309: =I308 -> 0 | J309: =J308 -> 20.9 | K309: =K308 -> 8.473 | L309: =L308 -> 0.521 | O309: =O308 -> 100.48 | P309: =P308 -> 2,29,610 | Q309: =LEFT(P309,1) -> 2 | R309: =RIGHT(P309,6) -> 29,610 | S309: =+(Q309*60+R309)/(60*60) -> 0.041558333 | T309: =+O309/S309 -> 2417.8063 | U309: =+(((N309-M309-O309)/O309)*100) -> -100 | V309: =V308 -> 21.3 | W309: =W308 -> 1.096 | X309: =X308 -> 1.088 | AA309: =AA308 -> 5.01 | AB309: =AB308 -> 11,15,880 | AC309: =LEFT(AB309,2) -> 11 | AD309: =RIGHT(AB309,6) -> 15,880 | AE309: =+(AC309*60+AD309)/(60*60) -> 0.18774444 | AF309: =+AA309/AE309 -> 26.68521 | AG309: =+(((Z309-Y309-AA309)/AA309)*100) -> -100 | AH309: =AH308 -> 18.4 | AI309: =AI308 -> 1.098 | AJ309: =AJ308 -> 1.087 | AK309: =Z309 -> 0 | AM309: =AM308 -> 2.005 | AN309: =AN308 -> 7,19,050 | AO309: =LEFT(AN309,2) -> 7, | AP309: =RIGHT(AN309,6) -> 19,050 | AQ309: =+(AO309*60+AP309)/(60*60) -> 0.12195833 | AR309: =+AM309/AQ309 -> 16.440041 | AS309: =+(((AL309-AK309-AM309)/AM309)*100) -> -100 | AT309: =IF(I309>=1,"NO CONFORME",IF(BK309="SIGDIFERENTES",BC309,BL309)) -> NO CONFORME | AU309: =B309<=C309 -> TRUE | AV309: =N309<Y309 -> FALSE | AW309: =Z309<=AK309 -> TRUE | AX309: =IF(I309>=1,"Qcorrecto",IF(AND(AY309="aceptable",AZ309="aceptable",BA309="aceptable"),"Qcorrecto","Qincorrecto")) -> Qcorrecto | AY309: =IF(AR309<$AH$6,"error",IF(AR309>$AH$6*1.1,"error","aceptable")) -> aceptable | AZ309: =IF(AF309<$V$6,"error",IF(AF309>$V$6*1.1,"error","aceptable")) -> aceptable | BA309: =IF(T309<$J$6*0.9,"error",IF(T309>$J$6,"error","aceptable")) -> aceptable | BB309: =(IF(ABS(U309)<1.05,"CONFORME",IF(ABS(AG309)<1.05,"CONFORME",IF(ABS(AS309)<2.55,"CONFORME","NO CONFORME")))) -> NO CONFORME | BC309: =(IF(ABS(U309)>2.05,"NO CONFORME",IF(ABS(AG309)>2.05,"NO CONFORME",IF(ABS(AS309)>5.05,"NO CONFORME","CONFORME")))) -> NO CONFORME | BD309: =SIGN(U309) -> -1 | BE309: =SIGN(AG309) -> -1 | BF309: =SIGN(AS309) -> -1 | BG309: =CONCATENATE(BD309,BE309,BF309) -> -1-1-1 | BH309: =IF(BG309="111","SI","SD") -> SD | BI309: =IF(BG309="-1-1-1","SI","SD") -> SI | BJ309: =OR(BH309="SI",BI309="SI") -> TRUE | BK309: =IF(BJ309=FALSE,"SIGDIFERENTES","SIGIGUALES") -> SIGIGUALES | BL309: =IF(BC309="NO CONFORME","NO CONFORME",IF(BB309="CONFORME","CONFORME","NO CONFORME")) -> NO CONFORME
AT311: =COUNTIF(AT9:AT309,"NO CONFORME") -> 252
AT312: =AT311/#REF! -> #REF!

Sheet Hoja1
B2: LO VERIFICADO | C2: VIMA
D4: =B4=C4 -> TRUE | F4: =TEXT(E4,"000000")&"-2024" -> 000000-2024 | H4: =F4=G4 -> FALSE
D5: =B5=C5 -> TRUE | F5: =TEXT(E5,"000000")&"-2024" -> 000000-2024 | H5: =F5=G5 -> FALSE
D6: =B6=C6 -> TRUE | F6: =TEXT(E6,"000000")&"-2024" -> 000000-2024 | H6: =F6=G6 -> FALSE
D7: =B7=C7 -> TRUE | F7: =TEXT(E7,"000000")&"-2024" -> 000000-2024 | H7: =F7=G7 -> FALSE
D8: =B8=C8 -> TRUE | F8: =TEXT(E8,"000000")&"-2024" -> 000000-2024 | H8: =F8=G8 -> FALSE
D9: =B9=C9 -> TRUE | F9: =TEXT(E9,"000000")&"-2024" -> 000000-2024 | H9: =F9=G9 -> FALSE
D10: =B10=C10 -> TRUE | F10: =TEXT(E10,"000000")&"-2024" -> 000000-2024 | H10: =F10=G10 -> FALSE
D11: =B11=C11 -> TRUE | F11: =TEXT(E11,"000000")&"-2024" -> 000000-2024 | H11: =F11=G11 -> FALSE
D12: =B12=C12 -> TRUE | F12: =TEXT(E12,"000000")&"-2024" -> 000000-2024 | H12: =F12=G12 -> FALSE
D13: =B13=C13 -> TRUE | F13: =TEXT(E13,"000000")&"-2024" -> 000000-2024 | H13: =F13=G13 -> FALSE
D14: =B14=C14 -> TRUE | F14: =TEXT(E14,"000000")&"-2024" -> 000000-2024 | H14: =F14=G14 -> FALSE
D15: =B15=C15 -> TRUE | F15: =TEXT(E15,"000000")&"-2024" -> 000000-2024 | H15: =F15=G15 -> FALSE
... D723: =B723=C723 -> TRUE | F723: =TEXT(E723,"000000")&"-2024" -> 000000-2024 | H723: =F723=G723 -> FALSE

Sheet Hoja2 (2)
E1: =Hoja1!F1 -> 0 | F1: =Hoja1!G1 -> 0
A3: Item | B3: N° de banco de ensayo | C3: # Medidor | D3: Presión Estática (Estado) | E3: Q3 E % | F3: Q2 E % | G3: Q1 E % | H3: Estado | I3: Condición
A6: ='ERROR FINAL'!A9 -> 1 | B6: ='ERROR FINAL'!D9 -> 3 | C6: ='ERROR FINAL'!G9 -> PA25516865 | D6: ='ERROR FINAL'!I9 -> 0 | E6: ='ERROR FINAL'!U9 -> -1.112325 | F6: ='ERROR FINAL'!AG9 -> -0.5994006 | G6: ='ERROR FINAL'!AS9 -> -0.37931723 | H6: =IF('ERROR FINAL'!AT9="CONFORME","CONFORME","NO CONFORME") -> CONFORME | I6: =IF(D6=0,"Medición",IF(D6=1,"Daño físico",IF(D6=2,"Fuga",IF(D6=3,"Picado",IF(D6=4,"Desfasado",IF(D6=5,"Paralizado","¿?")))))) -> Medición
A7: ='ERROR FINAL'!A10 -> 2 | B7: ='ERROR FINAL'!D10 -> 3 | C7: ='ERROR FINAL'!G10 -> PA25516866 | D7: ='ERROR FINAL'!I10 -> 0 | E7: ='ERROR FINAL'!U10 -> -1.092462 | F7: ='ERROR FINAL'!AG10 -> -8.8729113e-14 | G7: ='ERROR FINAL'!AS10 -> 0.81852665 | H7: =IF('ERROR FINAL'!AT10="CONFORME","CONFORME","NO CONFORME") -> CONFORME | I7: =IF(D7=0,"Medición",IF(D7=1,"Daño físico",IF(D7=2,"Fuga",IF(D7=3,"Picado",IF(D7=4,"Desfasado",IF(D7=5,"Paralizado","¿?")))))) -> Medición
A8: ='ERROR FINAL'!A11 -> 3 | B8: ='ERROR FINAL'!D11 -> 3 | C8: ='ERROR FINAL'!G11 -> PA25516867 | D8: ='ERROR FINAL'!I11 -> 0 | E8: ='ERROR FINAL'!U11 -> -0.49657364 | F8: ='ERROR FINAL'!AG11 -> -0.0999001 | G8: ='ERROR FINAL'!AS11 -> 0.41924536 | H8: =IF('ERROR FINAL'!AT11="CONFORME","CONFORME","NO CONFORME") -> CONFORME | I8: =IF(D8=0,"Medición",IF(D8=1,"Daño físico",IF(D8=2,"Fuga",IF(D8=3,"Picado",IF(D8=4,"Desfasado",IF(D8=5,"Paralizado","¿?")))))) -> Medición
A9: ='ERROR FINAL'!A12 -> 4 | B9: ='ERROR FINAL'!D12 -> 3 | C9: ='ERROR FINAL'!G12 -> PA25516868 | D9: ='ERROR FINAL'!I12 -> 0 | E9: ='ERROR FINAL'!U12 -> -0.45684775 | F9: ='ERROR FINAL'!AG12 -> -0.3996004 | G9: ='ERROR FINAL'!AS12 -> 0.019964065 | H9: =IF('ERROR FINAL'!AT12="CONFORME","CONFORME","NO CONFORME") -> CONFORME | I9: =IF(D9=0,"Medición",IF(D9=1,"Daño físico",IF(D9=2,"Fuga",IF(D9=3,"Picado",IF(D9=4,"Desfasado",IF(D9=5,"Paralizado","¿?")))))) -> Medición
A10: ='ERROR FINAL'!A13 -> 5 | B10: ='ERROR FINAL'!D13 -> 3 | C10: ='ERROR FINAL'!G13 -> PA25516869 | D10: ='ERROR FINAL'!I13 -> 0 | E10: ='ERROR FINAL'!U13 -> -1.0825305 | F10: ='ERROR FINAL'!AG13 -> -0.2997003 | G10: ='ERROR FINAL'!AS13 -> 0.21960471 | H10: =IF('ERROR FINAL'!AT13="CONFORME","CONFORME","NO CONFORME") -> CONFORME | I10: =IF(D10=0,"Medición",IF(D10=1,"Daño físico",IF(D10=2,"Fuga",IF(D10=3,"Picado",IF(D10=4,"Desfasado",IF(D10=5,"Paralizado","¿?")))))) -> Medición
A11: ='ERROR FINAL'!A14 -> 6 | B11: ='ERROR FINAL'!D14 -> 3 | C11: ='ERROR FINAL'!G14 -> PA25516870 | D11: ='ERROR FINAL'!I14 -> 0 | E11: ='ERROR FINAL'!U14 -> -1.2910915 | F11: ='ERROR FINAL'!AG14 -> -0.7992008 | G11: ='ERROR FINAL'!AS14 -> -0.77859852 | H11: =IF('ERROR FINAL'!AT14="CONFORME","CONFORME","NO CONFORME") -> CONFORME | I11: =IF(D11=0,"Medición",IF(D11=1,"Daño físico",IF(D11=2,"Fuga",IF(D11=3,"Picado",IF(D11=4,"Desfasado",IF(D11=5,"Paralizado","¿?")))))) -> Medición
A12: ='ERROR FINAL'!A15 -> 7 | B12: ='ERROR FINAL'!D15 -> 3 | C12: ='ERROR FINAL'!G15 -> PA25516871 | D12: ='ERROR FINAL'!I15 -> 0 | E12: ='ERROR FINAL'!U15 -> -0.83424372 | F12: ='ERROR FINAL'!AG15 -> -0.0999001 | G12: ='ERROR FINAL'!AS15 -> 0.41924536 | H12: =IF('ERROR FINAL'!AT15="CONFORME","CONFORME","NO CONFORME") -> CONFORME | I12: =IF(D12=0,"Medición",IF(D12=1,"Daño físico",IF(D12=2,"Fuga",IF(D12=3,"Picado",IF(D12=4,"Desfasado",IF(D12=5,"Paralizado","¿?")))))) -> Medición
A13: ='ERROR FINAL'!A16 -> 8 | B13: ='ERROR FINAL'!D16 -> 3 | C13: ='ERROR FINAL'!G16 -> PA25516872 | D13: ='ERROR FINAL'!I16 -> 0 | E13: ='ERROR FINAL'!U16 -> -0.15890357 | F13: ='ERROR FINAL'!AG16 -> 0.5994006 | G13: ='ERROR FINAL'!AS16 -> -0.17967658 | H13: =IF('ERROR FINAL'!AT16="CONFORME","CONFORME","NO CONFORME") -> CONFORME | I13: =IF(D13=0,"Medición",IF(D13=1,"Daño físico",IF(D13=2,"Fuga",IF(D13=3,"Picado",IF(D13=4,"Desfasado",IF(D13=5,"Paralizado","¿?")))))) -> Medición
A14: ='ERROR FINAL'!A17 -> 9 | B14: ='ERROR FINAL'!D17 -> 3 | C14: ='ERROR FINAL'!G17 -> PA25516873 | D14: ='ERROR FINAL'!I17 -> 0 | E14: ='ERROR FINAL'!U17 -> -0.63561426 | F14: ='ERROR FINAL'!AG17 -> -1.2987013 | G14: ='ERROR FINAL'!AS17 -> -1.5771611 | H14: =IF('ERROR FINAL'!AT17="CONFORME","CONFORME","NO CONFORME") -> CONFORME | I14: =IF(D14=0,"Medición",IF(D14=1,"Daño físico",IF(D14=2,"Fuga",IF(D14=3,"Picado",IF(D14=4,"Desfasado",IF(D14=5,"Paralizado","¿?")))))) -> Medición
A15: ='ERROR FINAL'!A18 -> 10 | B15: ='ERROR FINAL'!D18 -> 3 | C15: ='ERROR FINAL'!G18 -> PA25516874 | D15: ='ERROR FINAL'!I18 -> 0 | E15: ='ERROR FINAL'!U18 -> -0.94348992 | F15: ='ERROR FINAL'!AG18 -> -0.7992008 | G15: ='ERROR FINAL'!AS18 -> 0.21960471 | H15: =IF('ERROR FINAL'!AT18="CONFORME","CONFORME","NO CONFORME") -> CONFORME | I15: =IF(D15=0,"Medición",IF(D15=1,"Daño físico",IF(D15=2,"Fuga",IF(D15=3,"Picado",IF(D15=4,"Desfasado",IF(D15=5,"Paralizado","¿?")))))) -> Medición
A16: ='ERROR FINAL'!A19 -> 11 | B16: ='ERROR FINAL'!D19 -> 3 | C16: ='ERROR FINAL'!G19 -> PA25516875 | D16: ='ERROR FINAL'!I19 -> 0 | E16: ='ERROR FINAL'!U19 -> -0.16883504 | F16: ='ERROR FINAL'!AG19 -> -0.5994006 | G16: ='ERROR FINAL'!AS19 -> -0.37931723 | H16: =IF('ERROR FINAL'!AT19="CONFORME","CONFORME","NO CONFORME") -> CONFORME | I16: =IF(D16=0,"Medición",IF(D16=1,"Daño físico",IF(D16=2,"Fuga",IF(D16=3,"Picado",IF(D16=4,"Desfasado",IF(D16=5,"Paralizado","¿?")))))) -> Medición
A17: ='ERROR FINAL'!A20 -> 12 | B17: ='ERROR FINAL'!D20 -> 3 | C17: ='ERROR FINAL'!G20 -> PA25516876 | D17: ='ERROR FINAL'!I20 -> 0 | E17: ='ERROR FINAL'!U20 -> -0.53629953 | F17: ='ERROR FINAL'!AG20 -> -0.8991009 | G17: ='ERROR FINAL'!AS20 -> -1.1778798 | H17: =IF('ERROR FINAL'!AT20="CONFORME","CONFORME","NO CONFORME") -> CONFORME | I17: =IF(D17=0,"Medición",IF(D17=1,"Daño físico",IF(D17=2,"Fuga",IF(D17=3,"Picado",IF(D17=4,"Desfasado",IF(D17=5,"Paralizado","¿?")))))) -> Medición
... A51: ='ERROR FINAL'!A54 -> 46 | B51: ='ERROR FINAL'!D54 -> 3 | C51: ='ERROR FINAL'!G54 -> PA25516910 | D51: ='ERROR FINAL'!I54 -> 0 | E51: ='ERROR FINAL'!U54 -> -0.53742038 | F51: ='ERROR FINAL'!AG54 -> -0.1998002 | G51: ='ERROR FINAL'!AS54 -> 0.79840319 | H51: =IF('ERROR FINAL'!AT54="CONFORME","CONFORME","NO CONFORME") -> CONFORME | I51: =IF(D51=0,"Medición",IF(D51=1,"Daño físico",IF(D51=2,"Fuga",IF(D51=3,"Picado",IF(D51=4,"Desfasado",IF(D51=5,"Paralizado","¿?")))))) -> Medición
A52: ='ERROR FINAL'!A56 -> 48 | B52: ='ERROR FINAL'!D56 -> 3 | C52: ='ERROR FINAL'!G56 -> PA25516911 | D52: ='ERROR FINAL'!I56 -> 0 | E52: ='ERROR FINAL'!U56 -> -1.5027866 | F52: ='ERROR FINAL'!AG56 -> -0.5994006 | G52: ='ERROR FINAL'!AS56 -> 0.3992016 | H52: =IF('ERROR FINAL'!AT56="CONFORME","CONFORME","NO CONFORME") -> CONFORME | I52: =IF(D52=0,"Medición",IF(D52=1,"Daño físico",IF(D52=2,"Fuga",IF(D52=3,"Picado",IF(D52=4,"Desfasado",IF(D52=5,"Paralizado","¿?")))))) -> Medición
A53: ='ERROR FINAL'!A57 -> 49 | B53: ='ERROR FINAL'!D57 -> 3 | C53: ='ERROR FINAL'!G57 -> PA25516912 | D53: ='ERROR FINAL'!I57 -> 0 | E53: ='ERROR FINAL'!U57 -> -0.67675159 | F53: ='ERROR FINAL'!AG57 -> -0.7992008 | G53: ='ERROR FINAL'!AS57 -> -1.7728112e-13 | H53: =IF('ERROR FINAL'!AT57="CONFORME","CONFORME","NO CONFORME") -> CONFORME | I53: =IF(D53=0,"Medición",IF(D53=1,"Daño físico",IF(D53=2,"Fuga",IF(D53=3,"Picado",IF(D53=4,"Desfasado",IF(D53=5,"Paralizado","¿?")))))) -> Medición
A54: ='ERROR FINAL'!A58 -> 50 | B54: ='ERROR FINAL'!D58 -> 3 | C54: ='ERROR FINAL'!G58 -> 0 | D54: ='ERROR FINAL'!I58 -> 0 | E54: ='ERROR FINAL'!U58 -> -100 | F54: ='ERROR FINAL'!AG58 -> -100 | G54: ='ERROR FINAL'!AS58 -> -100 | H54: =IF('ERROR FINAL'!AT58="CONFORME","CONFORME","NO CONFORME") -> NO CONFORME | I54: =IF(D54=0,"Medición",IF(D54=1,"Daño físico",IF(D54=2,"Fuga",IF(D54=3,"Picado",IF(D54=4,"Desfasado",IF(D54=5,"Paralizado","¿?")))))) -> Medición
A55: ='ERROR FINAL'!A59 -> 51 | B55: ='ERROR FINAL'!D59 -> 3 | C55: ='ERROR FINAL'!G59 -> 0 | D55: ='ERROR FINAL'!I59 -> 0 | E55: ='ERROR FINAL'!U59 -> -100 | F55: ='ERROR FINAL'!AG59 -> -100 | G55: ='ERROR FINAL'!AS59 -> -100 | H55: =IF('ERROR FINAL'!AT59="CONFORME","CONFORME","NO CONFORME") -> NO CONFORME | I55: =IF(D55=0,"Medición",IF(D55=1,"Daño físico",IF(D55=2,"Fuga",IF(D55=3,"Picado",IF(D55=4,"Desfasado",IF(D55=5,"Paralizado","¿?")))))) -> Medición
A56: ='ERROR FINAL'!A60 -> 52 | B56: ='ERROR FINAL'!D60 -> 3 | C56: ='ERROR FINAL'!G60 -> 0 | D56: ='ERROR FINAL'!I60 -> 0 | E56: ='ERROR FINAL'!U60 -> -100 | F56: ='ERROR FINAL'!AG60 -> -100 | G56: ='ERROR FINAL'!AS60 -> -100 | H56: =IF('ERROR FINAL'!AT60="CONFORME","CONFORME","NO CONFORME") -> NO CONFORME | I56: =IF(D56=0,"Medición",IF(D56=1,"Daño físico",IF(D56=2,"Fuga",IF(D56=3,"Picado",IF(D56=4,"Desfasado",IF(D56=5,"Paralizado","¿?")))))) -> Medición
A57: ='ERROR FINAL'!A61 -> 53 | B57: ='ERROR FINAL'!D61 -> 3 | C57: ='ERROR FINAL'!G61 -> 0 | D57: ='ERROR FINAL'!I61 -> 0 | E57: ='ERROR FINAL'!U61 -> -100 | F57: ='ERROR FINAL'!AG61 -> -100 | G57: ='ERROR FINAL'!AS61 -> -100 | H57: =IF('ERROR FINAL'!AT61="CONFORME","CONFORME","NO CONFORME") -> NO CONFORME | I57: =IF(D57=0,"Medición",IF(D57=1,"Daño físico",IF(D57=2,"Fuga",IF(D57=3,"Picado",IF(D57=4,"Desfasado",IF(D57=5,"Paralizado","¿?")))))) -> Medición
A58: ='ERROR FINAL'!A62 -> 54 | B58: ='ERROR FINAL'!D62 -> 3 | C58: ='ERROR FINAL'!G62 -> 0 | D58: ='ERROR FINAL'!I62 -> 0 | E58: ='ERROR FINAL'!U62 -> -100 | F58: ='ERROR FINAL'!AG62 -> -100 | G58: ='ERROR FINAL'!AS62 -> -100 | H58: =IF('ERROR FINAL'!AT62="CONFORME","CONFORME","NO CONFORME") -> NO CONFORME | I58: =IF(D58=0,"Medición",IF(D58=1,"Daño físico",IF(D58=2,"Fuga",IF(D58=3,"Picado",IF(D58=4,"Desfasado",IF(D58=5,"Paralizado","¿?")))))) -> Medición
A59: ='ERROR FINAL'!A63 -> 55 | B59: ='ERROR FINAL'!D63 -> 3 | C59: ='ERROR FINAL'!G63 -> 0 | D59: ='ERROR FINAL'!I63 -> 0 | E59: ='ERROR FINAL'!U63 -> -100 | F59: ='ERROR FINAL'!AG63 -> -100 | G59: ='ERROR FINAL'!AS63 -> -100 | H59: =IF('ERROR FINAL'!AT63="CONFORME","CONFORME","NO CONFORME") -> NO CONFORME | I59: =IF(D59=0,"Medición",IF(D59=1,"Daño físico",IF(D59=2,"Fuga",IF(D59=3,"Picado",IF(D59=4,"Desfasado",IF(D59=5,"Paralizado","¿?")))))) -> Medición
A60: ='ERROR FINAL'!A64 -> 56 | B60: ='ERROR FINAL'!D64 -> 3 | C60: ='ERROR FINAL'!G64 -> 0 | D60: ='ERROR FINAL'!I64 -> 0 | E60: ='ERROR FINAL'!U64 -> -100 | F60: ='ERROR FINAL'!AG64 -> -100 | G60: ='ERROR FINAL'!AS64 -> -100 | H60: =IF('ERROR FINAL'!AT64="CONFORME","CONFORME","NO CONFORME") -> NO CONFORME | I60: =IF(D60=0,"Medición",IF(D60=1,"Daño físico",IF(D60=2,"Fuga",IF(D60=3,"Picado",IF(D60=4,"Desfasado",IF(D60=5,"Paralizado","¿?")))))) -> Medición
A61: ='ERROR FINAL'!A65 -> 57 | B61: ='ERROR FINAL'!D65 -> 3 | C61: ='ERROR FINAL'!G65 -> 0 | D61: ='ERROR FINAL'!I65 -> 0 | E61: ='ERROR FINAL'!U65 -> -100 | F61: ='ERROR FINAL'!AG65 -> -100 | G61: ='ERROR FINAL'!AS65 -> -100 | H61: =IF('ERROR FINAL'!AT65="CONFORME","CONFORME","NO CONFORME") -> NO CONFORME | I61: =IF(D61=0,"Medición",IF(D61=1,"Daño físico",IF(D61=2,"Fuga",IF(D61=3,"Picado",IF(D61=4,"Desfasado",IF(D61=5,"Paralizado","¿?")))))) -> Medición
A62: ='ERROR FINAL'!A66 -> 58 | B62: ='ERROR FINAL'!D66 -> 3 | C62: ='ERROR FINAL'!G66 -> 0 | D62: ='ERROR FINAL'!I66 -> 0 | E62: ='ERROR FINAL'!U66 -> -100 | F62: ='ERROR FINAL'!AG66 -> -100 | G62: ='ERROR FINAL'!AS66 -> -100 | H62: =IF('ERROR FINAL'!AT66="CONFORME","CONFORME","NO CONFORME") -> NO CONFORME | I62: =IF(D62=0,"Medición",IF(D62=1,"Daño físico",IF(D62=2,"Fuga",IF(D62=3,"Picado",IF(D62=4,"Desfasado",IF(D62=5,"Paralizado","¿?")))))) -> Medición
A63: ='ERROR FINAL'!A67 -> 59 | B63: ='ERROR FINAL'!D67 -> 3 | C63: ='ERROR FINAL'!G67 -> 0 | D63: ='ERROR FINAL'!I67 -> 0 | E63: ='ERROR FINAL'!U67 -> -100 | F63: ='ERROR FINAL'!AG67 -> -100 | G63: ='ERROR FINAL'!AS67 -> -100 | H63: =IF('ERROR FINAL'!AT67="CONFORME","CONFORME","NO CONFORME") -> NO CONFORME | I63: =IF(D63=0,"Medición",IF(D63=1,"Daño físico",IF(D63=2,"Fuga",IF(D63=3,"Picado",IF(D63=4,"Desfasado",IF(D63=5,"Paralizado","¿?")))))) -> Medición
... A305: ='ERROR FINAL'!A309 -> 301 | B305: ='ERROR FINAL'!D309 -> 3 | C305: ='ERROR FINAL'!G309 -> 0 | D305: ='ERROR FINAL'!I309 -> 0 | E305: ='ERROR FINAL'!U309 -> -100 | F305: ='ERROR FINAL'!AG309 -> -100 | G305: ='ERROR FINAL'!AS309 -> -100 | H305: =IF('ERROR FINAL'!AT309="CONFORME","CONFORME","NO CONFORME") -> NO CONFORME | I305: =IF(D305=0,"Medición",IF(D305=1,"Daño físico",IF(D305=2,"Fuga",IF(D305=3,"Picado",IF(D305=4,"Desfasado",IF(D305=5,"Paralizado","¿?")))))) -> Medición
A306: ='ERROR FINAL'!#REF! -> #REF! | B306: ='ERROR FINAL'!#REF! -> #REF! | C306: ='ERROR FINAL'!#REF! -> #REF! | D306: ='ERROR FINAL'!#REF! -> #REF! | E306: ='ERROR FINAL'!#REF! -> #REF! | F306: ='ERROR FINAL'!#REF! -> #REF! | G306: ='ERROR FINAL'!#REF! -> #REF! | H306: =IF('ERROR FINAL'!#REF!="CONFORME","CONFORME","NO CONFORME") -> #REF! | I306: =IF(D306=0,"Medición",IF(D306=1,"Daño físico",IF(D306=2,"Fuga",IF(D306=3,"Picado",IF(D306=4,"Desfasado",IF(D306=5,"Paralizado","¿?")))))) -> #REF!
A307: ='ERROR FINAL'!#REF! -> #REF! | B307: ='ERROR FINAL'!#REF! -> #REF! | C307: ='ERROR FINAL'!#REF! -> #REF! | D307: ='ERROR FINAL'!#REF! -> #REF! | E307: ='ERROR FINAL'!#REF! -> #REF! | F307: ='ERROR FINAL'!#REF! -> #REF! | G307: ='ERROR FINAL'!#REF! -> #REF! | H307: =IF('ERROR FINAL'!#REF!="CONFORME","CONFORME","NO CONFORME") -> #REF! | I307: =IF(D307=0,"Medición",IF(D307=1,"Daño físico",IF(D307=2,"Fuga",IF(D307=3,"Picado",IF(D307=4,"Desfasado",IF(D307=5,"Paralizado","¿?")))))) -> #REF!
A308: ='ERROR FINAL'!#REF! -> #REF! | B308: ='ERROR FINAL'!#REF! -> #REF! | C308: ='ERROR FINAL'!#REF! -> #REF! | D308: ='ERROR FINAL'!#REF! -> #REF! | E308: ='ERROR FINAL'!#REF! -> #REF! | F308: ='ERROR FINAL'!#REF! -> #REF! | G308: ='ERROR FINAL'!#REF! -> #REF! | H308: =IF('ERROR FINAL'!#REF!="CONFORME","CONFORME","NO CONFORME") -> #REF! | I308: =IF(D308=0,"Medición",IF(D308=1,"Daño físico",IF(D308=2,"Fuga",IF(D308=3,"Picado",IF(D308=4,"Desfasado",IF(D308=5,"Paralizado","¿?")))))) -> #REF!
A309: ='ERROR FINAL'!#REF! -> #REF! | B309: ='ERROR FINAL'!#REF! -> #REF! | C309: ='ERROR FINAL'!#REF! -> #REF! | D309: ='ERROR FINAL'!#REF! -> #REF! | E309: ='ERROR FINAL'!#REF! -> #REF! | F309: ='ERROR FINAL'!#REF! -> #REF! | G309: ='ERROR FINAL'!#REF! -> #REF! | H309: =IF('ERROR FINAL'!#REF!="CONFORME","CONFORME","NO CONFORME") -> #REF! | I309: =IF(D309=0,"Medición",IF(D309=1,"Daño físico",IF(D309=2,"Fuga",IF(D309=3,"Picado",IF(D309=4,"Desfasado",IF(D309=5,"Paralizado","¿?")))))) -> #REF!
A310: ='ERROR FINAL'!#REF! -> #REF! | B310: ='ERROR FINAL'!#REF! -> #REF! | C310: ='ERROR FINAL'!#REF! -> #REF! | D310: ='ERROR FINAL'!#REF! -> #REF! | E310: ='ERROR FINAL'!#REF! -> #REF! | F310: ='ERROR FINAL'!#REF! -> #REF! | G310: ='ERROR FINAL'!#REF! -> #REF! | H310: =IF('ERROR FINAL'!#REF!="CONFORME","CONFORME","NO CONFORME") -> #REF! | I310: =IF(D310=0,"Medición",IF(D310=1,"Daño físico",IF(D310=2,"Fuga",IF(D310=3,"Picado",IF(D310=4,"Desfasado",IF(D310=5,"Paralizado","¿?")))))) -> #REF!
A311: ='ERROR FINAL'!#REF! -> #REF! | B311: ='ERROR FINAL'!#REF! -> #REF! | C311: ='ERROR FINAL'!#REF! -> #REF! | D311: ='ERROR FINAL'!#REF! -> #REF! | E311: ='ERROR FINAL'!#REF! -> #REF! | F311: ='ERROR FINAL'!#REF! -> #REF! | G311: ='ERROR FINAL'!#REF! -> #REF! | H311: =IF('ERROR FINAL'!#REF!="CONFORME","CONFORME","NO CONFORME") -> #REF! | I311: =IF(D311=0,"Medición",IF(D311=1,"Daño físico",IF(D311=2,"Fuga",IF(D311=3,"Picado",IF(D311=4,"Desfasado",IF(D311=5,"Paralizado","¿?")))))) -> #REF!
A312: ='ERROR FINAL'!#REF! -> #REF! | B312: ='ERROR FINAL'!#REF! -> #REF! | C312: ='ERROR FINAL'!#REF! -> #REF! | D312: ='ERROR FINAL'!#REF! -> #REF! | E312: ='ERROR FINAL'!#REF! -> #REF! | F312: ='ERROR FINAL'!#REF! -> #REF! | G312: ='ERROR FINAL'!#REF! -> #REF! | H312: =IF('ERROR FINAL'!#REF!="CONFORME","CONFORME","NO CONFORME") -> #REF! | I312: =IF(D312=0,"Medición",IF(D312=1,"Daño físico",IF(D312=2,"Fuga",IF(D312=3,"Picado",IF(D312=4,"Desfasado",IF(D312=5,"Paralizado","¿?")))))) -> #REF!
A313: ='ERROR FINAL'!#REF! -> #REF! | B313: ='ERROR FINAL'!#REF! -> #REF! | C313: ='ERROR FINAL'!#REF! -> #REF! | D313: ='ERROR FINAL'!#REF! -> #REF! | E313: ='ERROR FINAL'!#REF! -> #REF! | F313: ='ERROR FINAL'!#REF! -> #REF! | G313: ='ERROR FINAL'!#REF! -> #REF! | H313: =IF('ERROR FINAL'!#REF!="CONFORME","CONFORME","NO CONFORME") -> #REF! | I313: =IF(D313=0,"Medición",IF(D313=1,"Daño físico",IF(D313=2,"Fuga",IF(D313=3,"Picado",IF(D313=4,"Desfasado",IF(D313=5,"Paralizado","¿?")))))) -> #REF!
A314: ='ERROR FINAL'!#REF! -> #REF! | B314: ='ERROR FINAL'!#REF! -> #REF! | C314: ='ERROR FINAL'!#REF! -> #REF! | D314: ='ERROR FINAL'!#REF! -> #REF! | E314: ='ERROR FINAL'!#REF! -> #REF! | F314: ='ERROR FINAL'!#REF! -> #REF! | G314: ='ERROR FINAL'!#REF! -> #REF! | H314: =IF('ERROR FINAL'!#REF!="CONFORME","CONFORME","NO CONFORME") -> #REF! | I314: =IF(D314=0,"Medición",IF(D314=1,"Daño físico",IF(D314=2,"Fuga",IF(D314=3,"Picado",IF(D314=4,"Desfasado",IF(D314=5,"Paralizado","¿?")))))) -> #REF!
A315: ='ERROR FINAL'!#REF! -> #REF! | B315: ='ERROR FINAL'!#REF! -> #REF! | C315: ='ERROR FINAL'!#REF! -> #REF! | D315: ='ERROR FINAL'!#REF! -> #REF! | E315: ='ERROR FINAL'!#REF! -> #REF! | F315: ='ERROR FINAL'!#REF! -> #REF! | G315: ='ERROR FINAL'!#REF! -> #REF! | H315: =IF('ERROR FINAL'!#REF!="CONFORME","CONFORME","NO CONFORME") -> #REF! | I315: =IF(D315=0,"Medición",IF(D315=1,"Daño físico",IF(D315=2,"Fuga",IF(D315=3,"Picado",IF(D315=4,"Desfasado",IF(D315=5,"Paralizado","¿?")))))) -> #REF!
A316: ='ERROR FINAL'!#REF! -> #REF! | B316: ='ERROR FINAL'!#REF! -> #REF! | C316: ='ERROR FINAL'!#REF! -> #REF! | D316: ='ERROR FINAL'!#REF! -> #REF! | E316: ='ERROR FINAL'!#REF! -> #REF! | F316: ='ERROR FINAL'!#REF! -> #REF! | G316: ='ERROR FINAL'!#REF! -> #REF! | H316: =IF('ERROR FINAL'!#REF!="CONFORME","CONFORME","NO CONFORME") -> #REF! | I316: =IF(D316=0,"Medición",IF(D316=1,"Daño físico",IF(D316=2,"Fuga",IF(D316=3,"Picado",IF(D316=4,"Desfasado",IF(D316=5,"Paralizado","¿?")))))) -> #REF!
A317: ='ERROR FINAL'!#REF! -> #REF! | B317: ='ERROR FINAL'!#REF! -> #REF! | C317: ='ERROR FINAL'!#REF! -> #REF! | D317: ='ERROR FINAL'!#REF! -> #REF! | E317: ='ERROR FINAL'!#REF! -> #REF! | F317: ='ERROR FINAL'!#REF! -> #REF! | G317: ='ERROR FINAL'!#REF! -> #REF! | H317: =IF('ERROR FINAL'!#REF!="CONFORME","CONFORME","NO CONFORME") -> #REF! | I317: =IF(D317=0,"Medición",IF(D317=1,"Daño físico",IF(D317=2,"Fuga",IF(D317=3,"Picado",IF(D317=4,"Desfasado",IF(D317=5,"Paralizado","¿?")))))) -> #REF!
... A725: ='ERROR FINAL'!#REF! -> #REF! | B725: ='ERROR FINAL'!#REF! -> #REF! | C725: ='ERROR FINAL'!#REF! -> #REF! | D725: ='ERROR FINAL'!#REF! -> #REF! | E725: ='ERROR FINAL'!#REF! -> #REF! | F725: ='ERROR FINAL'!#REF! -> #REF! | G725: ='ERROR FINAL'!#REF! -> #REF! | H725: =IF('ERROR FINAL'!#REF!="CONFORME","CONFORME","NO CONFORME") -> #REF! | I725: =IF(D725=0,"Medición",IF(D725=1,"Daño físico",IF(D725=2,"Fuga",IF(D725=3,"Picado",IF(D725=4,"Desfasado",IF(D725=5,"Paralizado","¿?")))))) -> #REF!

Sheet Hoja2
E1: =Hoja1!F1 -> 0 | F1: =Hoja1!G1 -> 0
A3: Item | B3: N° de banco de ensayo | C3: # Medidor | D3: Presión Estática (Estado) | E3: Q3 E % | F3: Q2 E % | G3: Q1 E % | H3: Estado | I3: Condición
